NDVI,NDWI,VH,VV,Rainfall,Moisture_Stress
0.3487669854051333,-0.4761773616083724,-20.025476088997163,-12.354627390536477,18.531933426300803,Moderate
0.6418118466898954,-0.4989661205662478,-17.326364810863115,-9.763875956299582,18.531933426300803,Moderate
0.8264900662251655,-0.7007893438579181,-18.558638666665253,-11.072210282743296,18.531933426300803,High
0.7787543567207152,-0.6797366914710933,-19.862415178590457,-10.367734438823716,18.531933426300803,High
0.4010902483343428,-0.4660920268728609,-19.17476077435404,-12.459309767771408,18.531933426300803,Moderate
0.7996505532906232,-0.7067108533554267,-19.619190122549377,-11.206408101656438,18.531933426300803,High
0.3431803060545575,-0.4099734599804442,-16.194837914327838,-8.890152797543108,18.531933426300803,Moderate
0.6028426950936177,-0.597602506470508,-16.915399084165713,-10.660014810307768,18.531933426300803,Moderate
0.2067096774193548,-0.3854814814814815,-23.85203698236724,-14.599135689731826,18.531933426300803,Moderate
0.2558523822638391,-0.3885505481120584,-17.018265613200136,-10.233477988971586,18.531933426300803,Moderate
0.380983606557377,-0.4653492902866685,-18.29510393619466,-11.360851867166865,18.531933426300803,Moderate
0.1418181818181818,-0.2899951667472208,-21.37667793009209,-13.241241058875572,18.531933426300803,Low
0.6842580063148399,-0.6155177386789732,-18.660550528084908,-11.33159063337577,18.531933426300803,High
0.2480620155038759,-0.455077086656034,-23.29995662284685,-14.175648303064428,18.531933426300803,Moderate
0.477868425620552,-0.5206286836935167,-18.03311311847225,-11.880133195031426,18.531933426300803,Moderate
0.8145991939095387,-0.6970543068546698,-18.685844924496784,-12.123511607427297,18.531933426300803,High
0.5108681157487664,-0.5398206034248437,-17.42529899537646,-10.425016406549688,18.531933426300803,Moderate
0.1756007393715342,-0.0079239302694136,-27.30873139560688,-20.555706037783885,18.531933426300803,Low
0.238095238095238,-0.4304672380425767,-21.30876570882794,-14.131194229253854,18.531933426300803,Moderate
0.6712574850299401,-0.5916737952666097,-20.83721162573084,-13.443792134397466,18.531933426300803,Moderate
0.7810361681329423,-0.6456420292036731,-19.13489091994598,-10.680400065138842,18.531933426300803,High
0.2606607480716053,-0.4592318059299191,-21.04695915331902,-10.826054318439027,18.531933426300803,Moderate
0.181723779854621,-0.2757847533632287,-14.956530057130342,-5.416754256280948,18.531933426300803,Low
0.1938907584778669,-0.2632155573815393,-16.424253427063846,-8.886919693328911,18.531933426300803,Low
0.7608090282866774,-0.6734921298230951,-17.31665872660019,-9.360832041249648,18.531933426300803,High
0.7439387494683114,-0.6468068014459767,-18.253722880780096,-9.433865768728962,18.531933426300803,High
0.7583028529626921,-0.6501441713579569,-18.61373585516631,-9.853414499773017,18.531933426300803,High
0.5189636335258311,-0.5102420856610801,-19.24688125660888,-11.491579717135878,18.531933426300803,Moderate
0.1523337322619251,-0.3558640112653389,-21.50572988655473,-14.99551209660115,18.531933426300803,Moderate
0.1983400924266717,-0.0412193722855035,-19.364954104230417,-9.553368800717266,18.531933426300803,Low
0.2656631931043355,-0.4345290172061825,-22.166020534656585,-13.653085985317515,18.531933426300803,Moderate
0.1465336979250442,-0.3471933471933472,-22.879592940409896,-14.111610062471245,18.531933426300803,Moderate
-0.4460929772502472,0.6246648793565683,-34.754725318854426,-25.59823525478913,18.531933426300803,Low
0.7918678921950459,-0.6604590731918579,-19.685013809679354,-10.798015801541167,18.531933426300803,High
0.3923578751164958,-0.4750352609308886,-19.434409219112364,-12.918161085701673,18.531933426300803,Moderate
0.780765857936276,-0.6738562989421624,-17.55571512563107,-9.667860381529644,18.531933426300803,High
0.7274103987884907,-0.6305590851334181,-20.3443754027394,-10.618117592277269,18.531933426300803,High
0.7833627278071722,-0.6727322856355115,-18.311539050708607,-10.790440720813235,18.531933426300803,High
0.4445298488342301,-0.4632753698416818,-16.971678480390494,-7.903881622765919,18.531933426300803,Moderate
0.5052820410603946,-0.475,-13.854937149631992,-9.035583094887418,18.531933426300803,Moderate
0.7754689754689754,-0.6528747984954326,-18.44679436781752,-11.791660883846982,18.531933426300803,High
0.8057765988800472,-0.6747300806341396,-18.617642010347502,-11.79559808123572,18.531933426300803,High
0.4657084830495235,-0.5173863820152029,-15.724813836686284,-9.702195225445562,18.531933426300803,Moderate
0.2520273493401176,-0.3686772118894489,-20.73071996223836,-12.920321759776163,18.531933426300803,Moderate
0.2378532867577008,-0.4026628283555236,-18.021058472213703,-12.474669550914111,18.531933426300803,Moderate
0.8188923325697345,-0.6870391201099862,-16.924858515953268,-11.378423354194386,18.531933426300803,High
-0.217351598173516,0.4132146525162615,-35.84457705445993,-27.58171652234939,18.531933426300803,Low
0.3058313522584254,-0.4363944008614059,-20.17197827237037,-14.279356639873528,18.531933426300803,Moderate
0.0778443113772455,-0.0098176718092566,-30.405313193746395,-22.28731946100808,18.531933426300803,Low
0.5753510794382729,-0.5059106391504709,-19.44649516610292,-12.241595833634053,18.531933426300803,Moderate
0.5318543799772468,-0.4876398287529346,-20.180729334772497,-12.542992389220306,18.531933426300803,Moderate
0.4340881165525715,-0.5018382352941176,-15.962681573944106,-10.619690725286777,18.531933426300803,Moderate
0.691651865008881,-0.5569723720778159,-21.08588278448808,-13.169502422392425,18.531933426300803,Moderate
0.8432901521821154,-0.7285057200141526,-18.04918107769568,-10.969271320598777,18.531933426300803,High
0.1759336099585062,-0.2861356932153392,-18.977402406534548,-8.862303832603224,18.531933426300803,Low
0.2337923564907937,-0.265111851499286,-17.312596229337476,-3.879248957259224,18.531933426300803,Low
0.7935500582826058,-0.6820114174662942,-19.60083853763822,-11.378152251993312,18.531933426300803,High
0.3102914624709827,-0.4514285714285714,-17.775901722097743,-9.803131247964869,18.531933426300803,Moderate
0.2780169214784028,-0.4107815828281173,-22.58373352149934,-15.17405368854231,18.531933426300803,Moderate
0.7959774272898278,-0.6474648261215822,-19.91881952454678,-12.161280801650046,18.531933426300803,High
0.1242263483642794,-0.2539447731755424,-17.93100053968963,-10.67705391861674,18.531933426300803,Low
0.1496736920937199,-0.2767019127955328,-23.906650172321854,-19.330923512549774,18.531933426300803,Low
0.2200366524129505,-0.2920170785353862,-16.1364841902401,-3.799904801659446,18.531933426300803,Low
0.7845538615346164,-0.7012151536812009,-16.344199441285312,-10.635781226961932,18.531933426300803,High
0.1365409622886866,-0.2445710217159131,-16.707419914675707,-11.45242661463761,18.531933426300803,Low
0.6714435512058721,-0.5945315105035012,-19.75938255869348,-9.93237657881718,18.531933426300803,Moderate
0.7454654474591516,-0.6631909727181832,-18.1229174329394,-11.2479007305371,18.531933426300803,High
0.573933281613654,-0.5579788050990632,-18.45057891924243,-11.156718867881764,18.531933426300803,Moderate
0.7707293511511834,-0.6995827538247567,-19.453317816224622,-11.739121953969065,18.531933426300803,High
0.8483388283033223,-0.737720553171197,-18.994596108660083,-10.220080864397628,18.531933426300803,High
0.5371783496007099,-0.5514956116783092,-17.42377585366733,-11.738289457769111,18.531933426300803,Moderate
0.8220893822943354,-0.6760932181199267,-20.048630797044524,-11.650716720482436,18.531933426300803,High
0.5590892663534514,-0.5655960805661404,-19.2789598688694,-10.067282227869743,18.531933426300803,Moderate
0.3498639250075597,-0.4855241264559068,-16.80856871455049,-12.544803278777136,18.531933426300803,Moderate
0.3748082495312766,-0.4901163864769998,-16.161964363095713,-9.66423371156627,18.531933426300803,Moderate
0.8205768164170827,-0.7299077733860343,-17.62982124771358,-11.773613910987187,18.531933426300803,High
0.3254801536491677,-0.4196379594075699,-17.855736432845482,-12.514895736328771,18.531933426300803,Moderate
0.8076109936575053,-0.7040358744394619,-17.55565061804955,-10.889705628661837,18.531933426300803,High
0.7855897733875654,-0.6742032143830019,-20.55388011540736,-10.442396517195291,18.531933426300803,High
0.3548917511647027,-0.4620730445068756,-16.77021975493936,-10.452206354626558,18.531933426300803,Moderate
0.6445384818830997,-0.6017516743946419,-17.91094150908062,-10.624252150683468,18.531933426300803,High
0.2366855318531417,-0.4048796571051763,-23.439821600246805,-16.109183617604984,18.531933426300803,Moderate
0.7493219129193434,-0.6517050815473784,-18.83549620750054,-12.35312102520393,18.531933426300803,High
0.2117647058823529,-0.4249624060150376,-20.19636458815036,-15.126857756826062,18.531933426300803,Moderate
0.2946929383000143,-0.3989121989121989,-19.470605157814703,-12.851997385377022,18.531933426300803,Moderate
0.4054982817869416,-0.4507833284067395,-18.368424018572966,-11.39867490936525,18.531933426300803,Moderate
0.1588005215123859,-0.3078281341965862,-17.9758554589951,-13.315419186152448,18.531933426300803,Moderate
0.618396696568418,-0.6040079029071408,-17.80314184155719,-10.146831702320808,18.531933426300803,High
0.8372638597357699,-0.7230199166280685,-17.278523622931438,-10.50094317822288,18.531933426300803,High
0.666489785088883,-0.6150681409102597,-16.765229429985908,-10.210402328030291,18.531933426300803,High
0.7867179411329684,-0.6620803522289488,-18.979987248178723,-9.208716982989827,18.531933426300803,High
0.8184981153957669,-0.6853419320166599,-16.257932148989035,-10.266833586633489,18.531933426300803,High
0.8147096774193548,-0.7341553637484587,-17.68184534259876,-10.778464057454514,18.531933426300803,High
0.2406311637080868,-0.4156039009752438,-20.04658452908229,-12.894175765319035,18.531933426300803,Moderate
0.8335504037509768,-0.7066311068008243,-20.15254437689716,-11.579013351686278,18.531933426300803,High
0.4453559142630325,-0.4343487394957983,-17.014692417174857,-9.306282449114944,18.531933426300803,Moderate
0.8585654859447875,-0.7321428571428571,-18.397484934340525,-10.58993378874617,18.531933426300803,High
0.5738744451490171,-0.5311536088834053,-18.577329848813555,-12.360087787183724,18.531933426300803,Moderate
0.5760792639773531,-0.5669305189094107,-18.6455931819443,-10.866850031301018,18.531933426300803,Moderate
0.3991624421423848,-0.4776536312849162,-19.975903328145066,-12.28083715787246,18.531933426300803,Moderate
0.2019255130478844,-0.4004428044280443,-27.222334838218675,-16.25109332284023,18.531933426300803,Moderate
0.7943452851050387,-0.661304474992688,-19.18210128909927,-11.811888948621274,18.531933426300803,High
0.7018617021276595,-0.6395080707148347,-18.150282523267062,-12.719373178307746,18.531933426300803,High
0.6282278033250795,-0.588336783988958,-17.07147989511294,-11.354503166863555,18.531933426300803,Moderate
0.7795967864180688,-0.6740339369741908,-18.81369962930125,-11.659687468810793,18.531933426300803,High
0.4850746268656716,-0.5105872952457051,-13.101407445882076,-8.685714204756442,18.531933426300803,Moderate
0.5711297071129707,-0.5680542868328331,-16.93628943572586,-10.442850472810584,18.531933426300803,Moderate
0.688667496886675,-0.6443007275666937,-14.17138954814028,-7.520387601038458,18.531933426300803,High
0.8170237405906196,-0.7033518794951825,-17.925835841230292,-11.239877186094116,18.531933426300803,High
0.828125,-0.689419795221843,-17.352478984175438,-10.038055799984049,18.531933426300803,High
0.7283531409168081,-0.6377530500067033,-16.472822067594887,-9.555793846240178,18.531933426300803,High
0.7332652018395504,-0.6278995360742281,-19.246838407581365,-11.414134158148435,18.531933426300803,High
0.786828881248347,-0.6881559220389805,-18.55814906948202,-12.677226414852289,18.531933426300803,High
0.2158902813903996,-0.4419517666853617,-19.766001642304296,-12.724106139281725,18.531933426300803,Moderate
0.2161295249732702,-0.3760801935706879,-22.153834185517447,-10.502440280898808,18.531933426300803,Moderate
0.7850574712643679,-0.6852957135105806,-20.098504361922,-12.660098690239296,18.531933426300803,High
0.1608238985131632,-0.2313702792649399,-15.199139262185447,-7.608370555303364,18.531933426300803,Low
0.3256578947368421,-0.411970802919708,-22.17124626387213,-13.439553074085712,18.531933426300803,Moderate
0.1892123287671233,-0.2984342136013087,-18.88018221642476,-12.884013219439408,18.531933426300803,Low
0.5614443797320908,-0.5920427553444181,-16.903733461009452,-10.130447881922764,18.531933426300803,Moderate
0.2744556884391291,-0.3346178548490687,-17.56533886395498,-8.28259222316588,18.531933426300803,Moderate
0.7831587539110325,-0.6715123692935475,-17.033822477778383,-10.75561773596197,18.531933426300803,High
0.8089171974522293,-0.6915949702183984,-23.13687656198364,-12.237265798225112,18.531933426300803,High
0.3999537358315984,-0.4969082364580757,-10.337940062511654,-6.46785582522193,18.531933426300803,Moderate
0.2676939148602768,-0.3968345323741007,-20.74063840727096,-12.387234196604055,18.531933426300803,Moderate
0.6232862265344864,-0.5152589092341012,-20.87371571371589,-11.246113421432026,18.531933426300803,Moderate
0.8294148380355277,-0.7149504101873393,-18.294027874299697,-12.006199487117312,18.531933426300803,High
0.272875816993464,-0.3873552983081033,-18.013000317794173,-10.878596320573289,18.531933426300803,Moderate
0.4063745019920319,-0.4559010152284264,-17.52781305835113,-10.139164439469578,18.531933426300803,Moderate
0.850907686365392,-0.7370710488158531,-19.583441248957985,-10.199725735637998,18.531933426300803,High
0.8712370351631672,-0.7526359436085772,-17.72560854064048,-12.2560153943383,18.531933426300803,High
0.3021732658529324,-0.4668008048289738,-24.596955142892224,-13.634426581625416,18.531933426300803,Moderate
0.7951015531660693,-0.7044809982983551,-17.82067011931426,-11.0286098230974,18.531933426300803,High
0.7667381162526794,-0.7224339274738784,-19.45919546555045,-12.228823260611843,18.531933426300803,High
0.2863332020480504,-0.3551867219917012,-21.33496607904469,-13.748574682657033,18.531933426300803,Moderate
0.804059133049361,-0.699917365128084,-17.50997366761461,-9.726780726208384,18.531933426300803,High
0.5275668537471112,-0.5298396429161845,-17.603464733406568,-11.028098522501498,18.531933426300803,Moderate
0.2312172393709959,-0.2761076904503199,-18.678571666112163,-7.246334735362982,18.531933426300803,Low
0.5204280155642024,-0.4465525219805645,-22.93654097000636,-11.715006658575655,18.531933426300803,Moderate
0.4924459743736852,-0.5441234665611397,-14.28116815948756,-8.096423297947542,18.531933426300803,Moderate
0.8333333333333334,-0.718869898848971,-14.954565706562253,-7.862722874718258,18.531933426300803,High
0.4322067594433399,-0.5037573058725299,-17.96194736465902,-12.059871331749315,18.531933426300803,Moderate
0.4895506792058516,-0.5467245354672453,-19.18994995043024,-13.428176472705534,18.531933426300803,Moderate
0.2081031307550644,-0.2684498872059297,-23.80842696914418,-12.492911608174229,18.531933426300803,Low
0.6302925070121544,-0.5821127673363578,-16.28056252527319,-10.700677270987397,18.531933426300803,Moderate
0.7855055523085914,-0.6689429117727397,-20.373958330490908,-9.959740614883506,18.531933426300803,High
0.7637067938021455,-0.6729790842283776,-17.57645414290628,-11.963645225407497,18.531933426300803,High
0.8130460104834013,-0.7043525869148645,-16.92537457079797,-10.89091588664756,18.531933426300803,High
0.3417667238421955,-0.4416033172080166,-18.842330850067505,-11.594868121863763,18.531933426300803,Moderate
0.3590241197671195,-0.4956521739130435,-18.18804889356279,-12.30134114901291,18.531933426300803,Moderate
0.4466187050359712,-0.4383404864091559,-20.192315836511348,-13.726444969411798,18.531933426300803,Moderate
0.6662127402027538,-0.5961733584577475,-13.770093439708598,-6.972067032230673,18.531933426300803,Moderate
0.8011547669342346,-0.710121674020591,-17.516412268217607,-11.383370162267862,18.531933426300803,High
0.8212881355932203,-0.6723107569721115,-18.4095492203041,-9.445539938489516,18.531933426300803,High
0.5806977502445386,-0.538315088053308,-17.632769913709364,-10.52111528782071,18.531933426300803,Moderate
0.7965913814604406,-0.6771439658517656,-19.456659285246285,-11.516377396649212,18.531933426300803,High
0.6777251184834123,-0.5381750465549349,-19.764111087725528,-11.66176961778246,18.531933426300803,Moderate
0.2211510371019573,-0.4605171208944794,-22.44624267890845,-13.625362463423864,18.531933426300803,Moderate
0.7542220625224578,-0.6187002652519894,-19.11735931440782,-9.971817625477728,18.531933426300803,High
0.7406244837270775,-0.6670886075949367,-16.78372870967808,-10.471700860216217,18.531933426300803,High
0.18042533729705,-0.242358604091456,-12.139613148541448,-8.709338382910172,18.531933426300803,Low
0.2250284414106939,-0.4068460935458584,-20.225722821814696,-14.7626434645004,18.531933426300803,Moderate
0.8226282501756852,-0.7038496912363684,-18.456735645292024,-12.298417844869268,18.531933426300803,High
0.7921125934613693,-0.6761277937748525,-17.337809693336364,-9.81724689410862,18.531933426300803,High
0.4713264495631453,-0.5171171171171172,-15.900389090898845,-9.980503094517765,18.531933426300803,Moderate
0.6488769092542678,-0.5313751668891856,-20.352765637476928,-10.176984291259236,18.531933426300803,Moderate
0.7318141980718668,-0.6299147649161396,-16.74487414044091,-8.87593221875503,18.531933426300803,High
0.7665140614780902,-0.6750387596899224,-15.611672836460324,-8.478231750184712,18.531933426300803,High
0.7739967897271268,-0.6500447894893998,-20.18745445666328,-10.543681764673304,18.531933426300803,High
0.2472290281180725,-0.4063938955400605,-21.489143508560023,-13.8851521180468,18.531933426300803,Moderate
0.8360655737704918,-0.7057305110996386,-18.110115224470384,-10.692305158155085,18.531933426300803,High
0.3641297154202514,-0.4389835241552638,-19.01744120990733,-11.31177745787221,18.531933426300803,Moderate
0.6215844646846537,-0.5555555555555556,-21.213316463738604,-10.987045894492953,18.531933426300803,Moderate
0.7765312310491207,-0.6588335220838052,-18.60919598097364,-9.822280988040797,18.531933426300803,High
0.2694314748695413,-0.4374125330430726,-19.22849404266493,-12.014371808207528,18.531933426300803,Moderate
0.2737819025522042,-0.3778823529411764,-19.541832402789066,-5.588007465279624,18.531933426300803,Moderate
0.1958537915984724,-0.3149370125974805,-26.31604114456521,-15.201541387354675,18.531933426300803,Moderate
0.3218660411780036,-0.4219231847490888,-17.700211110580437,-11.055919872798157,18.531933426300803,Moderate
0.2859550561797753,-0.3370327102803738,-17.160564584181746,-8.988349519665496,18.531933426300803,Moderate
0.328537170263789,-0.408404366681621,-20.81027088889439,-14.150464043177903,18.531933426300803,Moderate
0.757631822386679,-0.6824085005903188,-19.17667471365356,-11.23439836490859,18.531933426300803,High
0.1278945493409334,-0.1839940164547494,-17.17576279401284,-10.455211843320589,18.531933426300803,Low
0.3052601729760386,-0.4283941039565554,-19.874320770534226,-12.481863436411423,18.531933426300803,Moderate
0.6836606016933886,-0.5757882313269264,-21.032585936925926,-9.950660776485744,18.531933426300803,Moderate
0.807149978635522,-0.6980728051391863,-15.40299895740397,-8.803740510087387,18.531933426300803,High
0.71682228685137,-0.6354622338874307,-17.44155253592853,-10.522148598387746,18.531933426300803,High
0.0822637106184364,-0.1468315301391035,-13.098410779630074,-9.64368603506021,18.531933426300803,Low
0.871313672922252,-0.7480591034310042,-20.055184194099724,-13.740276074590088,18.531933426300803,High
0.6522845869924908,-0.6197130380536494,-19.42478977444184,-9.88234499711036,18.531933426300803,High
0.7389368944749934,-0.6730066759037662,-17.532328146507723,-10.549497909939095,18.531933426300803,High
0.8434760831455046,-0.7295582706766918,-16.78519011386244,-11.46553051732977,18.531933426300803,High
0.7964016607719514,-0.6801380698978858,-20.06969698972921,-10.955805501744022,18.531933426300803,High
0.8545319832057298,-0.7351819757365684,-16.764666384867127,-10.067253966078164,18.531933426300803,High
0.775645548186821,-0.7037638776062821,-16.737553957197886,-11.767392408892084,18.531933426300803,High
0.3193461819956086,-0.3698074974670719,-16.55391459391848,-9.403227507098752,18.531933426300803,Moderate
0.4507569591404851,-0.4624220544798162,-15.7882152702744,-10.609713826150225,18.531933426300803,Moderate
0.5466365178066704,-0.3471196454948301,-23.86560608359309,-17.242800647657923,18.531933426300803,Moderate
0.2572227399813607,-0.3775848863926474,-18.665358891996647,-11.297268270928564,18.531933426300803,Moderate
0.2773666751722378,-0.4298771779491573,-23.397594291960576,-13.909864679014408,18.531933426300803,Moderate
0.7456926257753274,-0.6785950960901259,-14.157243308107168,-9.4348258891583,18.531933426300803,High
0.3324921135646688,-0.1162790697674418,-26.80712880064184,-15.029060873929636,18.531933426300803,Low
0.5626657238819162,-0.5379262352122477,-15.45117504559667,-10.356407353199176,18.531933426300803,Moderate
0.2310590547956425,-0.3894795229730979,-20.9378205406228,-13.376678414507788,18.531933426300803,Moderate
0.6234167438986716,-0.5291721227993598,-18.669048595449908,-9.8690763421048,18.531933426300803,Moderate
0.7778443113772455,-0.6722050126724867,-17.741195092515554,-8.880000135672388,18.531933426300803,High
0.7258914728682171,-0.6182584678005524,-19.82070210311698,-11.735183009842569,18.531933426300803,High
0.8432846609801937,-0.7218095881161377,-19.04049694604128,-11.79133388194077,18.531933426300803,High
0.2317757009345794,-0.3833639464707425,-23.786151792146967,-15.13664134868151,18.531933426300803,Moderate
0.4847968864023352,-0.4924205378973105,-18.358174041563224,-11.688724951111787,18.531933426300803,Moderate
0.792059925093633,-0.6857384441939121,-17.037883801489162,-12.307196419194584,18.531933426300803,High
0.833046699298849,-0.6988719960765081,-18.2186608963662,-11.398006518817285,18.531933426300803,High
0.7118791751379611,-0.6546883773161145,-16.967812579843095,-10.335712671346895,18.531933426300803,High
0.7786388140161725,-0.6660880542843617,-19.48330336568677,-10.72528361076576,18.531933426300803,High
0.7574035297636853,-0.650976535056906,-18.434349623302506,-11.11030471325244,18.531933426300803,High
0.8148811045768346,-0.7194767441860465,-16.758605407994832,-10.14063410862224,18.531933426300803,High
0.2158776639010899,-0.3894775980665551,-19.16154315276149,-10.678668221206976,18.531933426300803,Moderate
0.4535606181296798,-0.5422582826233941,-14.69306771133397,-7.01928430901126,18.531933426300803,Moderate
0.2900389398316794,-0.4448508722566123,-18.268021182812834,-13.089446018751582,18.531933426300803,Moderate
0.8366225331001749,-0.7193638914873713,-17.565925843845168,-11.714441431060065,18.531933426300803,High
0.8231184921576381,-0.7076543209876544,-15.80500663335082,-10.303344393099884,18.531933426300803,High
0.5813736178165395,-0.5633564280215551,-16.25498214580084,-9.618237045384593,18.531933426300803,Moderate
0.4878386395095906,-0.5011971268954509,-16.986628481541274,-9.618577263184472,18.531933426300803,Moderate
0.5910061192543048,-0.5790960451977402,-17.57136206230567,-11.407145631470424,18.531933426300803,Moderate
0.4271805273833671,-0.4764969222160045,-16.54548366558847,-9.209034136341945,18.531933426300803,Moderate
0.773968253968254,-0.6798436795430632,-19.17887238461659,-11.59312644919236,18.531933426300803,High
0.7750511247443763,-0.6687723152979951,-20.527895490457247,-9.820881025437943,18.531933426300803,High
-0.1840228245363766,0.4169215086646279,-34.48684899895652,-22.903070653249,18.531933426300803,Low
0.8076386952885419,-0.6956066945606695,-16.083277567351086,-10.24805074890742,18.531933426300803,High
0.8158012200565392,-0.7188732394366197,-19.755659642486386,-11.860428681776558,18.531933426300803,High
0.4565560821484992,-0.5252274607113316,-17.711858003048285,-13.154659253813524,18.531933426300803,Moderate
0.1787462130039618,-0.3380952380952381,-28.12767961601788,-15.725088004719195,18.531933426300803,Moderate
0.228,-0.3423699169217315,-20.76845112784461,-11.195773138918844,18.531933426300803,Moderate
0.2084677939847683,-0.3187772925764192,-22.128844753283868,-14.059759054428303,18.531933426300803,Moderate
0.5435915248350122,-0.5406482925983706,-20.232224038287896,-11.942364027580004,18.531933426300803,Moderate
0.2629535002554931,-0.365977672156516,-16.10789388241551,-5.485341133459806,18.531933426300803,Moderate
0.2984114480766706,-0.3631977946243969,-16.414603547565967,-5.708201484967019,18.531933426300803,Moderate
0.6848281642917016,-0.6600594648166501,-14.556952541563446,-8.172305427108057,18.531933426300803,High
0.8487267198783732,-0.7396280400572246,-15.448149520268611,-12.154187130536386,18.531933426300803,High
0.8348646034816247,-0.7208616780045352,-19.51231907827262,-12.877191020143542,18.531933426300803,High
0.7915861453842723,-0.6801895998884706,-19.62023657733324,-9.929947484531908,18.531933426300803,High
0.8055591467356173,-0.7210104744300678,-18.79360350028611,-11.384499592822696,18.531933426300803,High
0.7942273166689684,-0.6690647482014388,-23.858340254748963,-11.979619329634566,18.531933426300803,High
0.8340574632095304,-0.7105882352941176,-17.577660829799825,-10.81117828436863,18.531933426300803,High
-0.5417256011315418,0.6881616939364774,-29.237954755019537,-22.834848767005514,18.531933426300803,Low
0.724346947611488,-0.6534735676722945,-18.268204142582206,-11.854681221829008,18.531933426300803,High
0.5961566457999709,-0.5807381776239908,-15.6091211757416,-9.409155334451109,18.531933426300803,Moderate
0.7144238517324738,-0.6030741410488246,-19.71281061232682,-11.972093945311611,18.531933426300803,High
0.1829004329004329,-0.3212450891508008,-23.03260297797361,-13.326650705949014,18.531933426300803,Moderate
0.4657457005920496,-0.5475517190058045,-16.44633434545847,-11.004051456811116,18.531933426300803,Moderate
0.6487557457600254,-0.6445849802371542,-17.601517384787783,-11.862088179819004,18.531933426300803,High
0.1847931742088778,-0.4593587867500333,-26.31066042677994,-13.751736906528134,18.531933426300803,Moderate
0.1312584573748308,0.0088915234143449,-18.94754156376075,-11.34664043388502,18.531933426300803,Low
0.8296056884292179,-0.7208171206225681,-17.347435408820257,-11.451262207854016,18.531933426300803,High
0.2308681672025723,-0.3620352250489236,-19.000036523133723,-10.6713817655857,18.531933426300803,Moderate
0.8780773739742087,-0.7772354115819836,-20.10610450720101,-13.915599498857512,18.531933426300803,High
0.4745398039684437,-0.4862650602409638,-20.97262933173318,-10.631690418074973,18.531933426300803,Moderate
0.3336575875486381,-0.4322277357012274,-19.71525962373603,-13.040856151656232,18.531933426300803,Moderate
0.711044776119403,-0.5781938325991189,-20.38096848031192,-13.13154495012514,18.531933426300803,Moderate
0.2349272349272349,-0.4126040428061831,-18.182445185630595,-12.877051064184164,18.531933426300803,Moderate
0.2853499574950411,-0.4002160827288162,-17.76009567325438,-11.27990326335966,18.531933426300803,Moderate
0.3658798283261802,-0.4552729351243212,-17.89042123703534,-11.105202602402588,18.531933426300803,Moderate
0.7174427782162589,-0.6368286445012787,-17.953927342639886,-10.501953175572073,18.531933426300803,High
0.3172915500839395,-0.4666666666666667,-18.94000581397108,-14.139031794051771,18.531933426300803,Moderate
0.806631455399061,-0.7200726358429949,-18.62506700311529,-10.21131570726012,18.531933426300803,High
0.2293493308721735,-0.4557377049180328,-19.16977999017076,-13.705116953016834,18.531933426300803,Moderate
0.3963139579842763,-0.4555958618836491,-19.69674814085284,-10.415257043967426,18.531933426300803,Moderate
0.2677552104075401,-0.4304973037747154,-18.498944786562976,-12.991538525323651,18.531933426300803,Moderate
0.2557184750733138,-0.3835218093699515,-23.375541949049325,-13.618294632759769,18.531933426300803,Moderate
0.6651418115279049,-0.5932302305223227,-16.318070032874022,-11.404286390711952,18.531933426300803,Moderate
0.5769161406672678,-0.5432403812213201,-18.447990160562725,-12.599113198914516,18.531933426300803,Moderate
0.828,-0.7173994738819992,-17.191351622296324,-11.332469196362966,18.531933426300803,High
0.3726937269372694,-0.4058956916099773,-21.93676474484128,-11.965530852523562,18.531933426300803,Moderate
0.7212268448223504,-0.6129766647694934,-18.45616924278188,-10.56616114940729,18.531933426300803,High
0.1969887076537013,-0.3029226987161977,-17.171391701718683,-11.865405102012698,18.531933426300803,Moderate
0.2820109976433621,-0.3996569468267582,-17.823943915209156,-11.8775064390987,18.531933426300803,Moderate
0.5337837837837838,-0.5140903785225946,-15.835315978815396,-11.36725374854484,18.531933426300803,Moderate
0.246647804157953,-0.3868892842479814,-19.815304522162,-12.959757683103083,18.531933426300803,Moderate
0.1923718712753277,-0.3670401749111779,-26.74501148311376,-15.356865825860456,18.531933426300803,Moderate
0.5253899767673416,-0.537123745819398,-14.13048600295193,-9.292393611392022,18.531933426300803,Moderate
0.7503262287951283,-0.6473799126637555,-18.890381042032104,-11.085176245814722,18.531933426300803,High
0.804256551324743,-0.7118131868131868,-21.067208450727207,-12.271268448470494,18.531933426300803,High
0.7183898446634375,-0.6219454516790163,-20.27807308335326,-10.211605148270689,18.531933426300803,High
0.4288823255090937,-0.4124154886293792,-17.187975267628556,-11.583447657459107,18.531933426300803,Moderate
0.7928464977645305,-0.697234762979684,-17.960756517326217,-11.869081823387411,18.531933426300803,High
0.2253363228699551,-0.4190197987666342,-20.65977044414914,-13.438638048762126,18.531933426300803,Moderate
0.4434156378600823,-0.5333333333333333,-18.4773187667486,-10.114059199935348,18.531933426300803,Moderate
0.082753286929621,-0.1183895190925067,-19.60858492008788,-13.034393959241235,18.531933426300803,Low
0.2033898305084746,-0.3512454520011195,-20.03290334158872,-12.757705984424293,18.531933426300803,Moderate
0.6534237726098191,-0.614062746334542,-15.28279436321505,-9.354853735129424,18.531933426300803,High
0.4984981063079535,-0.5581205866376969,-14.559027868409853,-8.950178626968588,18.531933426300803,Moderate
0.7607687210072896,-0.672383949645948,-16.29569890489158,-9.139412992911115,18.531933426300803,High
0.3490328006728343,-0.4509271822704658,-17.38038910990755,-11.468052420227854,18.531933426300803,Moderate
0.7148874129272639,-0.608081421844144,-20.09195017856553,-11.487575426394836,18.531933426300803,High
0.1988226637233259,-0.3204733344140055,-20.76505191053583,-11.805960599023091,18.531933426300803,Moderate
0.337517612399129,-0.5192783355157864,-17.885658493628917,-10.642456998165922,18.531933426300803,Moderate
0.7895470383275262,-0.6710046850598647,-17.84146892685284,-11.294046704774017,18.531933426300803,High
0.2582067613914747,-0.367048176736758,-20.22954016901139,-12.421697691539276,18.531933426300803,Moderate
0.2554154938196059,-0.4356892932120363,-19.80146927743653,-12.37120740723421,18.531933426300803,Moderate
0.7221350078492935,-0.6400059799671102,-18.65759068425756,-11.806685994647442,18.531933426300803,High
0.2220359281437125,-0.4486087450312322,-23.0119760890976,-10.962831046968413,18.531933426300803,Moderate
0.2415940224159402,-0.3732782369146005,-21.586897946238363,-15.113246539747776,18.531933426300803,Moderate
0.5055855855855856,-0.4436765722183828,-22.53066711941502,-13.599949463651171,18.531933426300803,Moderate
0.1783235451147891,-0.3140815718963977,-24.125919806195423,-13.84582854392651,18.531933426300803,Moderate
0.8055767179643456,-0.6996557659208261,-18.22579977046676,-10.760916407178136,18.531933426300803,High
0.1175152097342299,-0.2628912610819612,-19.9948946649678,-12.39007008833635,18.531933426300803,Low
0.5101763907734057,-0.5871657754010695,-18.02905966905062,-13.002720949511142,18.531933426300803,Moderate
0.6371997956055186,-0.5817014974493994,-20.13854211865352,-11.165221822071633,18.531933426300803,Moderate
0.3397765025672002,-0.4604115226337448,-22.474586889068537,-14.85026881453652,18.531933426300803,Moderate
-0.1853972798854688,0.4152106885919835,-26.62444972524949,-18.8302251850294,18.531933426300803,Low
0.2907090123972698,-0.419641489198713,-20.67611957666781,-13.457866921902282,18.531933426300803,Moderate
0.413025998391852,-0.5088723526044648,-17.082619103617546,-11.179499995745203,18.531933426300803,Moderate
-0.4748490945674044,0.6660268714011516,-32.64099751307312,-26.666040388931545,18.531933426300803,Low
0.8215427380125087,-0.6961304516629999,-20.05138521183564,-12.604759744211949,18.531933426300803,High
0.7774968394437421,-0.6631672334762679,-17.294064254052916,-11.58559472029706,18.531933426300803,High
0.343860894251242,-0.3412431379493536,-16.712642848978913,-10.967271606692147,18.531933426300803,Moderate
0.2514097244387701,-0.3449971412235563,-18.554579899760363,-5.686487303147847,18.531933426300803,Moderate
0.2986224608918982,-0.3585735222276502,-16.979358480186523,-9.462964270893275,18.531933426300803,Moderate
0.827819956616052,-0.697984886649874,-17.67422022209983,-11.673802059614395,18.531933426300803,High
0.2653550863723608,-0.4473106476399561,-17.77769076363689,-11.967368435157647,18.531933426300803,Moderate
0.8054298642533937,-0.6845597104945718,-18.923775848158662,-11.911330593130442,18.531933426300803,High
0.5179837227618798,-0.5474374414559079,-19.06931344363539,-10.22051659119558,18.531933426300803,Moderate
0.7208851558714262,-0.6218602527020856,-17.110398969303372,-9.778348321221449,18.531933426300803,High
0.7433039170150179,-0.6490919742237844,-17.85995047336582,-11.698062137581912,18.531933426300803,High
0.8058839703051965,-0.6923473331615563,-16.732886928900403,-9.56780380137524,18.531933426300803,High
0.3369654045219286,-0.4765342960288808,-17.630653272989452,-12.51327619030106,18.531933426300803,Moderate
0.8060220034742328,-0.7111507337813743,-20.973482019266484,-11.118855764259026,18.531933426300803,High
0.6615303569076781,-0.6159856539003459,-17.67894660821287,-11.085283011210556,18.531933426300803,High
0.5157894736842106,-0.543859649122807,-17.14572626536696,-11.874707877327674,18.531933426300803,Moderate
0.2486348744084456,-0.2077464788732394,-15.204546516746507,-8.594341296855955,18.531933426300803,Low
0.3083778966131907,-0.3793288590604027,-17.368512963099995,-4.59423630731155,18.531933426300803,Moderate
0.2923299565846599,-0.4673421881418595,-20.09270873878489,-13.340863582007332,18.531933426300803,Moderate
0.8194169261251062,-0.7228625033503082,-19.350462330188886,-12.87913235432707,18.531933426300803,High
0.3482155552395848,-0.4137468316684061,-18.62306168712535,-11.992737782508984,18.531933426300803,Moderate
0.8211817797207728,-0.6994341360705356,-19.90942053096175,-12.64690772554006,18.531933426300803,High
0.6778484673221515,-0.6332160450387051,-19.15956420788124,-11.37549590146913,18.531933426300803,High
0.4994879672299027,-0.5290432058478005,-17.507887311714892,-11.159868016461203,18.531933426300803,Moderate
0.7737677527151211,-0.644361833952912,-20.272691432364592,-11.174812146035542,18.531933426300803,High
0.7316882711229111,-0.6262833675564682,-17.518573992246594,-10.007324394945226,18.531933426300803,High
0.6190284216891756,-0.5431316042267051,-15.43786675764379,-7.826127686871944,18.531933426300803,Moderate
0.8348871442590775,-0.7286490234600717,-18.81287144557532,-11.087173234779724,18.531933426300803,High
-0.2826086956521739,0.4972796517954298,-33.51108358511893,-25.352950752967224,18.531933426300803,Low
0.2109997429966589,-0.3559712230215827,-22.514872713242184,-15.390476723998482,18.531933426300803,Moderate
0.1470994475138121,-0.1894020766201217,-14.157448522579578,-5.80813717281182,18.531933426300803,Low
0.860591266612422,-0.7283950617283951,-19.07969943305174,-12.899973800377042,18.531933426300803,High
0.8633683670853627,-0.7630366238176085,-19.724840196131726,-12.222486119121792,18.531933426300803,High
0.4599475677250218,-0.4654970760233918,-16.129139378199415,-11.770439296224913,18.531933426300803,Moderate
0.2293770491803278,-0.3993133303478131,-18.70702925282568,-11.310086609176905,18.531933426300803,Moderate
0.1269546779750861,-0.2052154195011337,-16.64846584537934,-3.5281952424764214,18.531933426300803,Low
0.2740274599542334,-0.4627257799671593,-16.81737392290202,-13.051730316843935,18.531933426300803,Moderate
0.4019314019314019,-0.4522249051397033,-17.644430383769713,-11.005314808174912,18.531933426300803,Moderate
0.3672851192730026,-0.3869790666410601,-17.96201566869358,-10.168392715548984,18.531933426300803,Moderate
0.6870026525198939,-0.6335616438356164,-16.130713880553746,-9.996919627016,18.531933426300803,High
0.7822966507177034,-0.6729824561403509,-19.3135033096104,-12.5115092621732,18.531933426300803,High
0.751796837565884,-0.6648451730418944,-18.17860684809918,-10.155993100315955,18.531933426300803,High
0.7886405959031657,-0.6648851653907266,-19.988912417815538,-10.53794957595684,18.531933426300803,High
0.2921554770318021,-0.3274284884565123,-14.559010766363132,-11.27397021750779,18.531933426300803,Moderate
0.5757575757575758,-0.5511363636363636,-16.485018245236315,-10.374006117730673,18.531933426300803,Moderate
0.1579207920792079,-0.2951273532668881,-14.4778256499008,-6.866986177625054,18.531933426300803,Low
0.8107810781078107,-0.6901553074059813,-16.86102535380362,-11.294499620386976,18.531933426300803,High
0.0452722063037249,-0.0984643179765131,-17.888413532912903,-11.494376519989531,18.531933426300803,Low
0.3459526774595268,-0.4887052341597796,-18.87905972543072,-13.46578022908552,18.531933426300803,Moderate
0.6514377463144067,-0.5959937932007335,-18.560068594795823,-10.75692639047611,18.531933426300803,Moderate
0.3082137789689421,-0.4534944823962165,-18.62540445627652,-13.627087770649094,18.531933426300803,Moderate
0.3571242511070591,-0.4719593162876112,-17.055275309629828,-10.634872199768566,18.531933426300803,Moderate
0.3168121000581733,-0.4206100163173089,-18.32460067013114,-12.235187527783182,18.531933426300803,Moderate
0.287651154268963,-0.4271016650873155,-19.415423852661384,-15.20271788732266,18.531933426300803,Moderate
0.7628575663257744,-0.6505689703025257,-19.06250545848023,-11.46816947934094,18.531933426300803,High
0.8387013656274156,-0.7199325138587611,-20.5332449863178,-11.299648915957963,18.531933426300803,High
0.6259021651964716,-0.4993529303013496,-14.954475081252689,-10.085468654703574,18.531933426300803,Moderate
0.1312975416161393,-0.1815774323546344,-14.867223475259747,-3.8075099915034425,18.531933426300803,Low
0.41755768148565,-0.5573415765069551,-19.941837252579045,-12.14576174510368,18.531933426300803,Moderate
0.8443408443408443,-0.7487721021611002,-18.26124434600555,-12.703768770506922,18.531933426300803,High
0.2473143666627316,-0.3420551251111393,-18.60977888049033,-9.896743334393156,18.531933426300803,Moderate
0.4290687554395126,-0.5463820436352221,-18.39172716321712,-10.823354752340034,18.531933426300803,Moderate
0.3475771540287669,-0.4289945209536502,-17.975789474782882,-10.427247599467837,18.531933426300803,Moderate
0.3927485380116959,-0.5088697415103902,-15.350708783524832,-10.77112430602071,18.531933426300803,Moderate
0.1661721068249258,-0.3429338540395411,-18.16974810909362,-8.036032196591623,18.531933426300803,Moderate
0.5880927656628592,-0.5930555555555556,-13.934018148413603,-8.275058523295144,18.531933426300803,Moderate
0.7988418165193538,-0.6748013620885358,-18.79044016742708,-9.1142182126301,18.531933426300803,High
0.3088313061872025,-0.3091774662787622,-16.930402439268942,-4.826087473749875,18.531933426300803,Moderate
0.7601572739187418,-0.6458333333333334,-19.13022510074956,-11.670676253999533,18.531933426300803,High
0.4199893673577884,-0.581409117821196,-17.137181282422254,-10.599669522268751,18.531933426300803,Moderate
0.8134576948700866,-0.711303910474035,-19.843834010949664,-12.253728597289486,18.531933426300803,High
0.2286107290233837,-0.3537435586541376,-24.001673328315416,-13.360334358964517,18.531933426300803,Moderate
0.3276740237691001,-0.3818132390920212,-15.462278359840392,-3.939812387301757,18.531933426300803,Moderate
0.8290573229731711,-0.7215399475645095,-18.19681636746073,-12.762093410180476,18.531933426300803,High
0.288347037142047,-0.4211102423768569,-21.582187387498124,-13.366862213434466,18.531933426300803,Moderate
0.3920776071139854,-0.4642857142857143,-18.35311222834095,-13.238069304971573,18.531933426300803,Moderate
0.3273257354890008,-0.4660421545667447,-16.703572721600096,-11.08736733156266,18.531933426300803,Moderate
0.5071061384941035,-0.5137433561123766,-17.778510866117408,-10.44688261998038,18.531933426300803,Moderate
0.3618532818532818,-0.4679540536041285,-17.29496107590005,-9.657997495652712,18.531933426300803,Moderate
0.2790361445783132,-0.3837330552659019,-20.877640176102148,-11.08820449930435,18.531933426300803,Moderate
0.8462324393358877,-0.7404286058271129,-19.192472043531687,-11.5597639817533,18.531933426300803,High
0.2371715349047028,-0.3441980149491483,-15.528817683086835,-10.15613665741883,18.531933426300803,Moderate
0.4555472076133233,-0.4661957618567104,-19.89217804180309,-13.624055981589338,18.531933426300803,Moderate
0.5782035175879398,-0.5192743764172335,-19.252260125220573,-11.722499869506034,18.531933426300803,Moderate
0.4126213592233009,-0.3503480278422274,-16.978530564244934,-12.8410904189384,18.531933426300803,Moderate
0.742478162406988,-0.6450824679291387,-18.508541487026044,-10.435329245037565,18.531933426300803,High
0.8101313320825516,-0.7144888046439996,-19.249992000897024,-13.128462918342972,18.531933426300803,High
0.2263759086188992,-0.3841195429241137,-23.92077132982981,-16.856022210846202,18.531933426300803,Moderate
0.2185704435761893,-0.3331657027910485,-16.529037408672828,-3.87107029322472,18.531933426300803,Moderate
0.8468431771894094,-0.7167739492616433,-18.74729786221241,-11.21023693270125,18.531933426300803,High
0.7773897861195984,-0.6896265560165975,-18.14858016683964,-10.4428920370218,18.531933426300803,High
0.2989744255484876,-0.4059294646620767,-21.43824481761683,-12.869396133673323,18.531933426300803,Moderate
0.787967379596861,-0.6695402298850575,-19.97784774235565,-10.717565878396051,18.531933426300803,High
0.5237823981771575,-0.5290082880823093,-19.061139992969387,-11.346884867234014,18.531933426300803,Moderate
0.3279075872932528,-0.4261948399830819,-19.02974867935075,-14.439054194336688,18.531933426300803,Moderate
0.7146500876773474,-0.6277239709443099,-19.740753704948965,-11.326449898924649,18.531933426300803,High
0.8016323142896666,-0.7145866245392312,-18.44965044523011,-12.535129551537617,18.531933426300803,High
0.2811059907834101,-0.4808238636363636,-20.112661423259905,-12.152311816182737,18.531933426300803,Moderate
0.2241715399610136,-0.4088614694335389,-20.923153556410817,-13.356422631181688,18.531933426300803,Moderate
0.3319036621577037,-0.4189806678383128,-17.73974500979535,-11.154572722623207,18.531933426300803,Moderate
0.2342752962625341,-0.0153730783652043,-21.17094438693293,-14.040930969851516,18.531933426300803,Low
0.8263968072976055,-0.7003715498938429,-20.04744969980687,-13.426073290887754,18.531933426300803,High
0.5104122396940076,-0.5179384965831435,-15.410258120539693,-11.438942076834026,18.531933426300803,Moderate
0.7385034013605443,-0.6519715578539108,-18.583739686008187,-11.080310198364485,18.531933426300803,High
0.6420086393088553,-0.6009476177941564,-19.51466914603104,-12.781188896569445,18.531933426300803,High
0.1271380708869688,-0.297077922077922,-24.37546032766159,-16.01206037939994,18.531933426300803,Low
0.831459114257948,-0.7307793230123327,-17.483067562848035,-9.75573381719421,18.531933426300803,High
0.8238080202083992,-0.7073603310671002,-18.820993909209783,-10.249807239898637,18.531933426300803,High
0.763220648057231,-0.724516394567156,-16.15797756022181,-9.287047418163624,18.531933426300803,High
0.3306590257879656,-0.4320957197483656,-17.995477383860614,-11.349379844791486,18.531933426300803,Moderate
0.2904518139327843,-0.3831106870229007,-19.78694466608321,-15.93134376501614,18.531933426300803,Moderate
0.1432734337056823,-0.1874894904994114,-15.74268846165458,-6.247806311008417,18.531933426300803,Low
-0.311864406779661,0.4972136222910217,-31.398473616767703,-23.20491168092864,18.531933426300803,Low
0.4078225904715487,-0.5313452617627568,-16.97763423672467,-8.860978342216736,18.531933426300803,Moderate
0.8250265111346765,-0.72531328320802,-20.12541450445845,-12.161343605700822,18.531933426300803,High
0.486203941730934,-0.5381340901028734,-14.796653159204126,-10.074098359243012,18.531933426300803,Moderate
0.7435897435897436,-0.6486930167950499,-17.16026673990393,-10.190939308850224,18.531933426300803,High
0.4875739644970414,-0.4596477646603445,-16.115782578016976,-11.879950612298192,18.531933426300803,Moderate
0.6464303059737737,-0.5915492957746479,-18.487860463249184,-11.569194094797904,18.531933426300803,Moderate
0.4421153582682559,-0.5208784857679526,-17.376996147461504,-11.288560545006384,18.531933426300803,Moderate
0.225470469878092,-0.4069846446528061,-20.227310560251823,-14.5851174159609,18.531933426300803,Moderate
0.7281730915739754,-0.6158997008120815,-18.17740879405501,-10.985830478455876,18.531933426300803,High
0.8511474578420185,-0.7233238904627006,-17.49262911908265,-11.096934119867129,18.531933426300803,High
0.5893285371702638,-0.570962962962963,-20.32813498858416,-12.086274154452257,18.531933426300803,Moderate
0.1648298993770963,-0.3186872796311364,-19.46880131321667,-9.136298473119576,18.531933426300803,Moderate
0.7556923076923077,-0.6679333528208127,-17.760200479937915,-11.304727417525315,18.531933426300803,High
0.7438865576616988,-0.6701773835920177,-18.43209074316556,-11.791690701389188,18.531933426300803,High
0.3172535211267606,-0.3715857011915673,-12.019390870762596,-3.962440336237444,18.531933426300803,Moderate
0.1818796484110885,-0.4096774193548387,-20.702676770985207,-15.457348669824905,18.531933426300803,Moderate
0.6094032549728752,-0.6050495942290351,-13.91859378999962,-8.336265032184924,18.531933426300803,High
0.7919409214962273,-0.6800120409391932,-20.02873657091424,-9.885962487054602,18.531933426300803,High
0.6301040832666133,-0.5199701381112355,-19.029644840672887,-10.77253080440492,18.531933426300803,Moderate
0.2514718250630782,-0.3958724202626641,-23.40602983229372,-15.227033590420046,18.531933426300803,Moderate
0.2062163777644949,-0.2504647416036684,-16.753094054502863,-5.806855558340325,18.531933426300803,Low
0.2984731227776616,-0.386333184457347,-14.68986256546317,-11.940961427287382,18.531933426300803,Moderate
0.6235000779180302,-0.5932099709435693,-18.57569404703584,-10.70378178741656,18.531933426300803,Moderate
0.2446402349486049,-0.4023825281270681,-23.640992219707947,-16.66586328772102,18.531933426300803,Moderate
0.2733624454148471,-0.1045454545454545,-21.58719376456321,-14.74706245948741,18.531933426300803,Low
0.7847277345610414,-0.6786620875018665,-19.205477062231783,-11.299820009627776,18.531933426300803,High
0.2185128983308042,-0.3135223555070883,-16.952844883044556,-8.161766241859363,18.531933426300803,Moderate
0.8020690514770036,-0.6487626867373703,-13.939969743492783,-6.099515906777713,18.531933426300803,High
0.2654063343972502,-0.4551101072840203,-19.91071326208021,-11.820816358226756,18.531933426300803,Moderate
0.6029515108924807,-0.548540393754243,-16.297332562592185,-10.143603702637664,18.531933426300803,Moderate
0.5160796324655437,-0.5385943705750302,-16.252693217410933,-12.081215125454234,18.531933426300803,Moderate
0.0396946564885496,0.1592592592592592,-24.02096565213181,-17.527941707967425,18.531933426300803,Low
0.2323135755258126,-0.3797163500133797,-19.495353131164872,-14.112165919857482,18.531933426300803,Moderate
0.8085607424851088,-0.7008858780614904,-18.158149494296083,-10.738511755422843,18.531933426300803,High
0.383730957171601,-0.5006234413965087,-17.80499094106443,-11.77050691021085,18.531933426300803,Moderate
0.7512396694214876,-0.6815236079883613,-20.962282404093635,-10.208202378898326,18.531933426300803,High
0.7953184540010887,-0.7063769240719182,-17.647595117167022,-10.802533802461252,18.531933426300803,High
0.7788853647485274,-0.663089522733691,-18.50138049936273,-12.737035410136752,18.531933426300803,High
0.1361770480099946,-0.2165106057710682,-11.975899886663283,-7.148115802236188,18.531933426300803,Low
0.6248412138320395,-0.5617962284628951,-14.701228965259396,-9.160878892183618,18.531933426300803,Moderate
0.7153989496866,-0.5807055885107711,-18.94525925626761,-9.32029138367166,18.531933426300803,Moderate
0.2399132321041214,-0.3632244216551395,-16.92048467468847,-11.037333342992856,18.531933426300803,Moderate
0.6745273825764958,-0.6041822255414488,-20.261599691878462,-10.594258128434896,18.531933426300803,High
0.8534691897137312,-0.7454877770162212,-19.00270817243927,-12.745987919993878,18.531933426300803,High
0.3929961089494163,-0.5265538183227807,-17.72430352071788,-10.695366476684825,18.531933426300803,Moderate
0.5174291938997821,-0.5775764439411099,-17.062042698797075,-10.026720896392456,18.531933426300803,Moderate
0.8097826086956522,-0.686787674124103,-15.521944800176122,-10.328935773765586,18.531933426300803,High
0.3126326963906581,-0.4257711155952724,-20.915876304150988,-12.14192116392307,18.531933426300803,Moderate
0.2318875696631936,-0.3528472591804151,-21.78008802556377,-11.701167509888244,18.531933426300803,Moderate
0.7230351485895309,-0.6618652698966973,-20.437849995136467,-11.786890270576972,18.531933426300803,High
0.8659592292655682,-0.732434534612393,-17.33515005459442,-11.13770316434288,18.531933426300803,High
0.8043740775526633,-0.7181551041267408,-17.480890826927823,-12.244419007425083,18.531933426300803,High
0.7763247513962676,-0.6611464968152866,-17.78718938130106,-11.784692129861051,18.531933426300803,High
0.7879043600562587,-0.6872843111229094,-17.650211632658618,-12.302433771943262,18.531933426300803,High
0.2374252550123109,-0.3940034341566504,-17.714289868860234,-12.354992724597452,18.531933426300803,Moderate
0.1496181294603731,-0.2698105379615544,-21.197113554325952,-13.361548419017552,18.531933426300803,Low
0.5081384215565586,-0.5260899653979239,-14.634533476688311,-9.799521820243632,18.531933426300803,Moderate
0.3050475493782004,-0.3701996927803379,-17.47223862069573,-10.135983864636358,18.531933426300803,Moderate
0.1974905897114178,-0.2694865655759511,-16.822716460566514,-7.091359544629931,18.531933426300803,Low
0.6433973240255962,-0.596045197740113,-18.932255369718224,-12.109257485139844,18.531933426300803,Moderate
0.2394366197183098,-0.3711254765456655,-19.907879106479424,-12.738958244816583,18.531933426300803,Moderate
0.794077859612205,-0.6637858935043212,-19.63938438607392,-11.517867796184426,18.531933426300803,High
0.2425,-0.4177720724575667,-18.26797422257208,-12.29687675905425,18.531933426300803,Moderate
0.5331000291630212,-0.5730101735487731,-15.734822656888392,-9.067513122317472,18.531933426300803,Moderate
0.8209492182094922,-0.7139880177129461,-19.067136898531388,-11.344882595666308,18.531933426300803,High
0.8312770923641214,-0.7093059446000622,-19.35246297282069,-12.026951256111548,18.531933426300803,High
-0.2019002375296912,0.4760914760914761,-31.457783767556407,-22.79702396329052,18.531933426300803,Low
0.6310713659477468,-0.5382834463370266,-19.50585761703873,-11.301567558756854,18.531933426300803,Moderate
0.5876466954910439,-0.5925650557620817,-18.523400455799617,-10.36044578438452,18.531933426300803,Moderate
0.8473037907100908,-0.7365119196988708,-20.051918539417382,-12.80467726284851,18.531933426300803,High
0.2247432529257224,-0.4500212074084547,-22.590971689929667,-14.439328024216753,18.531933426300803,Moderate
0.821491645156908,-0.7088962528677033,-18.83518842653784,-11.928981396526906,18.531933426300803,High
0.7911181831332272,-0.6694081164891466,-19.27521007802449,-11.735662636259097,18.531933426300803,High
0.8042184964845862,-0.7500327868852459,-18.73108850893837,-11.562437200093411,18.531933426300803,High
0.8596866096866097,-0.7253303964757709,-20.173510277608745,-11.248814719932422,18.531933426300803,High
