NDVI,NDWI,.geo
0.3487669854051333,-0.4761773616083724,"{""type"":""Point"",""coordinates"":[79.22172250457919,17.06936904703689]}"
0.6418118466898954,-0.4989661205662478,"{""type"":""Point"",""coordinates"":[79.31039094345329,16.979865251904673]}"
0.8264900662251655,-0.7007893438579181,"{""type"":""Point"",""coordinates"":[79.34791124638814,17.030229614259166]}"
0.7787543567207152,-0.6797366914710933,"{""type"":""Point"",""coordinates"":[79.29644184947225,17.127904832832826]}"
0.4010902483343428,-0.4660920268728609,"{""type"":""Point"",""coordinates"":[79.26241613051191,17.009605231937847]}"
0.7996505532906232,-0.7067108533554267,"{""type"":""Point"",""coordinates"":[79.2043626129108,17.015589364708006]}"
0.3431803060545575,-0.4099734599804442,"{""type"":""Point"",""coordinates"":[79.29202533018488,17.03880765536607]}"
0.6028426950936177,-0.597602506470508,"{""type"":""Point"",""coordinates"":[79.31255829735002,16.998796149843038]}"
0.2067096774193548,-0.3854814814814815,"{""type"":""Point"",""coordinates"":[79.24625762246627,17.126494435274562]}"
0.2558523822638391,-0.3885505481120584,"{""type"":""Point"",""coordinates"":[79.23715113947607,17.10135116424289]}"
0.380983606557377,-0.4653492902866685,"{""type"":""Point"",""coordinates"":[79.22274624963916,17.071262462276287]}"
0.1418181818181818,-0.2899951667472208,"{""type"":""Point"",""coordinates"":[79.25916975126272,17.044586602646476]}"
0.6842580063148399,-0.6155177386789732,"{""type"":""Point"",""coordinates"":[79.24009756300356,17.08178267105987]}"
0.2480620155038759,-0.455077086656034,"{""type"":""Point"",""coordinates"":[79.26487042828067,17.13710364910967]}"
0.477868425620552,-0.5206286836935167,"{""type"":""Point"",""coordinates"":[79.35336293986775,17.031339936232524]}"
0.8145991939095387,-0.6970543068546698,"{""type"":""Point"",""coordinates"":[79.19262675396102,17.03831503340618]}"
0.5108681157487664,-0.5398206034248437,"{""type"":""Point"",""coordinates"":[79.21486545752464,16.998530678686254]}"
0.1756007393715342,-0.0079239302694136,"{""type"":""Point"",""coordinates"":[79.30239835881407,16.985043731342223]}"
0.238095238095238,-0.4304672380425767,"{""type"":""Point"",""coordinates"":[79.18859291328911,17.09405894634541]}"
0.6712574850299401,-0.5916737952666097,"{""type"":""Point"",""coordinates"":[79.358045468616,17.04256221219821]}"
0.7810361681329423,-0.6456420292036731,"{""type"":""Point"",""coordinates"":[79.26585739837834,17.11139856976363]}"
0.2606607480716053,-0.4592318059299191,"{""type"":""Point"",""coordinates"":[79.3095054515174,17.012110408073934]}"
0.181723779854621,-0.2757847533632287,"{""type"":""Point"",""coordinates"":[79.2611529822478,17.052383581806637]}"
0.1938907584778669,-0.2632155573815393,"{""type"":""Point"",""coordinates"":[79.25213404387881,17.03939207524014]}"
0.7608090282866774,-0.6734921298230951,"{""type"":""Point"",""coordinates"":[79.30492360673811,16.988911070835293]}"
0.7439387494683114,-0.6468068014459767,"{""type"":""Point"",""coordinates"":[79.2787868546749,17.0826203675297]}"
0.7583028529626921,-0.6501441713579569,"{""type"":""Point"",""coordinates"":[79.3111041370731,17.044366260023445]}"
0.5189636335258311,-0.5102420856610801,"{""type"":""Point"",""coordinates"":[79.33735035358576,17.02241015377926]}"
0.1523337322619251,-0.3558640112653389,"{""type"":""Point"",""coordinates"":[79.25015132564006,17.03085031279876]}"
0.1983400924266717,-0.0412193722855035,"{""type"":""Point"",""coordinates"":[79.26394530478271,17.034121504737342]}"
0.2656631931043355,-0.4345290172061825,"{""type"":""Point"",""coordinates"":[79.27042296512178,17.103924901445147]}"
0.1465336979250442,-0.3471933471933472,"{""type"":""Point"",""coordinates"":[79.27374321769891,17.037790183572625]}"
-0.4460929772502472,0.6246648793565683,"{""type"":""Point"",""coordinates"":[79.29957681016083,17.104706544841672]}"
0.7918678921950459,-0.6604590731918579,"{""type"":""Point"",""coordinates"":[79.23065760750859,16.977008310268797]}"
0.3923578751164958,-0.4750352609308886,"{""type"":""Point"",""coordinates"":[79.27767114943374,17.084229000323703]}"
0.780765857936276,-0.6738562989421624,"{""type"":""Point"",""coordinates"":[79.33540543916786,17.08191825140265]}"
0.7274103987884907,-0.6305590851334181,"{""type"":""Point"",""coordinates"":[79.23174467726658,16.978567779278066]}"
0.7833627278071722,-0.6727322856355115,"{""type"":""Point"",""coordinates"":[79.3377496366839,17.066307187584922]}"
0.4445298488342301,-0.4632753698416818,"{""type"":""Point"",""coordinates"":[79.22451675152413,17.124858067125853]}"
0.5052820410603946,-0.475,"{""type"":""Point"",""coordinates"":[79.29784117707129,17.09349601246865]}"
0.7754689754689754,-0.6528747984954326,"{""type"":""Point"",""coordinates"":[79.3351960626386,17.050388148743604]}"
0.8057765988800472,-0.6747300806341396,"{""type"":""Point"",""coordinates"":[79.25167006829444,17.00716129131705]}"
0.4657084830495235,-0.5173863820152029,"{""type"":""Point"",""coordinates"":[79.31681153453943,17.033416140655074]}"
0.2520273493401176,-0.3686772118894489,"{""type"":""Point"",""coordinates"":[79.34035681969893,17.110925607966102]}"
0.2378532867577008,-0.4026628283555236,"{""type"":""Point"",""coordinates"":[79.22462463935783,17.017903800605932]}"
0.8188923325697345,-0.6870391201099862,"{""type"":""Point"",""coordinates"":[79.34578997171124,17.01388852836428]}"
-0.217351598173516,0.4132146525162615,"{""type"":""Point"",""coordinates"":[79.24537264552873,17.116570961948614]}"
0.3058313522584254,-0.4363944008614059,"{""type"":""Point"",""coordinates"":[79.24197140487877,17.033482018340052]}"
0.0778443113772455,-0.0098176718092566,"{""type"":""Point"",""coordinates"":[79.27250192291567,17.11752385978973]}"
0.5753510794382729,-0.5059106391504709,"{""type"":""Point"",""coordinates"":[79.28941152610155,16.971569690397754]}"
0.5318543799772468,-0.4876398287529346,"{""type"":""Point"",""coordinates"":[79.33864039221196,17.030382563332626]}"
0.4340881165525715,-0.5018382352941176,"{""type"":""Point"",""coordinates"":[79.2461935491706,16.977327289987127]}"
0.691651865008881,-0.5569723720778159,"{""type"":""Point"",""coordinates"":[79.35016499742311,17.069330692028267]}"
0.8432901521821154,-0.7285057200141526,"{""type"":""Point"",""coordinates"":[79.19660973818873,17.01225872699667]}"
0.1759336099585062,-0.2861356932153392,"{""type"":""Point"",""coordinates"":[79.23591936828093,17.112196484688063]}"
0.2337923564907937,-0.265111851499286,"{""type"":""Point"",""coordinates"":[79.26743577160714,17.036417758256604]}"
0.7935500582826058,-0.6820114174662942,"{""type"":""Point"",""coordinates"":[79.33440401758072,17.08216991485398]}"
0.3102914624709827,-0.4514285714285714,"{""type"":""Point"",""coordinates"":[79.18114428955055,17.079750911460273]}"
0.2780169214784028,-0.4107815828281173,"{""type"":""Point"",""coordinates"":[79.27907642040036,17.143342351835766]}"
0.7959774272898278,-0.6474648261215822,"{""type"":""Point"",""coordinates"":[79.30320390536755,17.071191762757273]}"
0.1242263483642794,-0.2539447731755424,"{""type"":""Point"",""coordinates"":[79.26489602059631,16.970101826991726]}"
0.1496736920937199,-0.2767019127955328,"{""type"":""Point"",""coordinates"":[79.25707300109609,17.044768568247985]}"
0.2200366524129505,-0.2920170785353862,"{""type"":""Point"",""coordinates"":[79.26098440266144,17.061664538480766]}"
0.7845538615346164,-0.7012151536812009,"{""type"":""Point"",""coordinates"":[79.31168323494272,16.983744568626747]}"
0.1365409622886866,-0.2445710217159131,"{""type"":""Point"",""coordinates"":[79.30202946019087,17.013806199142962]}"
0.6714435512058721,-0.5945315105035012,"{""type"":""Point"",""coordinates"":[79.26759119759824,16.991938056733144]}"
0.7454654474591516,-0.6631909727181832,"{""type"":""Point"",""coordinates"":[79.29152051996543,17.00109450627676]}"
0.573933281613654,-0.5579788050990632,"{""type"":""Point"",""coordinates"":[79.22525013574634,17.120441580503826]}"
0.7707293511511834,-0.6995827538247567,"{""type"":""Point"",""coordinates"":[79.2298776128893,17.020061788843]}"
0.8483388283033223,-0.737720553171197,"{""type"":""Point"",""coordinates"":[79.24745062834454,17.016606365905336]}"
0.5371783496007099,-0.5514956116783092,"{""type"":""Point"",""coordinates"":[79.24869728544431,17.003313429196577]}"
0.8220893822943354,-0.6760932181199267,"{""type"":""Point"",""coordinates"":[79.22351345184835,16.992326369216904]}"
0.5590892663534514,-0.5655960805661404,"{""type"":""Point"",""coordinates"":[79.33811459736889,17.069387400887322]}"
0.3498639250075597,-0.4855241264559068,"{""type"":""Point"",""coordinates"":[79.19625281394968,17.08487213429666]}"
0.3748082495312766,-0.4901163864769998,"{""type"":""Point"",""coordinates"":[79.20595130691885,17.104097610893206]}"
0.8205768164170827,-0.7299077733860343,"{""type"":""Point"",""coordinates"":[79.19761572070654,17.032949840955673]}"
0.3254801536491677,-0.4196379594075699,"{""type"":""Point"",""coordinates"":[79.29376260130933,17.070836474976485]}"
0.8076109936575053,-0.7040358744394619,"{""type"":""Point"",""coordinates"":[79.18372309825871,17.027973631235636]}"
0.7855897733875654,-0.6742032143830019,"{""type"":""Point"",""coordinates"":[79.19847968253072,17.000638741018196]}"
0.3548917511647027,-0.4620730445068756,"{""type"":""Point"",""coordinates"":[79.26939498251775,17.02985818941026]}"
0.6445384818830997,-0.6017516743946419,"{""type"":""Point"",""coordinates"":[79.34242846262076,17.04104242588437]}"
0.2366855318531417,-0.4048796571051763,"{""type"":""Point"",""coordinates"":[79.24738535571292,17.129566404075373]}"
0.7493219129193434,-0.6517050815473784,"{""type"":""Point"",""coordinates"":[79.32157816869204,17.076509247266195]}"
0.2117647058823529,-0.4249624060150376,"{""type"":""Point"",""coordinates"":[79.24771580373748,17.128777334281857]}"
0.2946929383000143,-0.3989121989121989,"{""type"":""Point"",""coordinates"":[79.34226524313927,17.104368235338697]}"
0.4054982817869416,-0.4507833284067395,"{""type"":""Point"",""coordinates"":[79.24092956779438,17.1268982795421]}"
0.1588005215123859,-0.3078281341965862,"{""type"":""Point"",""coordinates"":[79.30420227570949,17.13312115759]}"
0.618396696568418,-0.6040079029071408,"{""type"":""Point"",""coordinates"":[79.27906605794787,17.013967048262117]}"
0.8372638597357699,-0.7230199166280685,"{""type"":""Point"",""coordinates"":[79.35888163510069,17.06474159895536]}"
0.666489785088883,-0.6150681409102597,"{""type"":""Point"",""coordinates"":[79.34371556495043,17.05024316399065]}"
0.7867179411329684,-0.6620803522289488,"{""type"":""Point"",""coordinates"":[79.30557461504947,17.05244675878735]}"
0.8184981153957669,-0.6853419320166599,"{""type"":""Point"",""coordinates"":[79.2925375365637,17.13690348704037]}"
0.8147096774193548,-0.7341553637484587,"{""type"":""Point"",""coordinates"":[79.18542952455067,17.03189786746996]}"
0.2406311637080868,-0.4156039009752438,"{""type"":""Point"",""coordinates"":[79.18073722878496,17.05514846083969]}"
0.8335504037509768,-0.7066311068008243,"{""type"":""Point"",""coordinates"":[79.31769315928024,17.009536686880946]}"
0.4453559142630325,-0.4343487394957983,"{""type"":""Point"",""coordinates"":[79.32153066273199,17.06718596573662]}"
0.8585654859447875,-0.7321428571428571,"{""type"":""Point"",""coordinates"":[79.28056169945712,17.01296846755428]}"
0.5738744451490171,-0.5311536088834053,"{""type"":""Point"",""coordinates"":[79.31127421330011,17.04233554641869]}"
0.5760792639773531,-0.5669305189094107,"{""type"":""Point"",""coordinates"":[79.28977619059707,17.09903076206953]}"
0.3991624421423848,-0.4776536312849162,"{""type"":""Point"",""coordinates"":[79.23284224546869,17.00041265981968]}"
0.2019255130478844,-0.4004428044280443,"{""type"":""Point"",""coordinates"":[79.24119537472767,17.1429717262423]}"
0.7943452851050387,-0.661304474992688,"{""type"":""Point"",""coordinates"":[79.25820702933848,17.11558203380625]}"
0.7018617021276595,-0.6395080707148347,"{""type"":""Point"",""coordinates"":[79.35051964142912,17.027130944279417]}"
0.6282278033250795,-0.588336783988958,"{""type"":""Point"",""coordinates"":[79.28386728176595,17.143380592753182]}"
0.7795967864180688,-0.6740339369741908,"{""type"":""Point"",""coordinates"":[79.29669856861598,16.997422779761397]}"
0.4850746268656716,-0.5105872952457051,"{""type"":""Point"",""coordinates"":[79.22061227116359,17.01272546455818]}"
0.5711297071129707,-0.5680542868328331,"{""type"":""Point"",""coordinates"":[79.22623727061661,17.106672887726138]}"
0.688667496886675,-0.6443007275666937,"{""type"":""Point"",""coordinates"":[79.30879480215609,17.044205445543398]}"
0.8170237405906196,-0.7033518794951825,"{""type"":""Point"",""coordinates"":[79.32919146326996,17.0240475883661]}"
0.828125,-0.689419795221843,"{""type"":""Point"",""coordinates"":[79.19922265648161,17.029312848509885]}"
0.7283531409168081,-0.6377530500067033,"{""type"":""Point"",""coordinates"":[79.24615306179595,16.996910416411882]}"
0.7332652018395504,-0.6278995360742281,"{""type"":""Point"",""coordinates"":[79.30046482908594,17.074639795169585]}"
0.786828881248347,-0.6881559220389805,"{""type"":""Point"",""coordinates"":[79.32806810299147,17.118270731371055]}"
0.2158902813903996,-0.4419517666853617,"{""type"":""Point"",""coordinates"":[79.26595171560105,17.10381035197967]}"
0.2161295249732702,-0.3760801935706879,"{""type"":""Point"",""coordinates"":[79.2318275658827,17.079614583057907]}"
0.7850574712643679,-0.6852957135105806,"{""type"":""Point"",""coordinates"":[79.2554209507157,16.969364079234047]}"
0.1608238985131632,-0.2313702792649399,"{""type"":""Point"",""coordinates"":[79.242295330995,17.105860223409945]}"
0.3256578947368421,-0.411970802919708,"{""type"":""Point"",""coordinates"":[79.27930516013514,17.142960334101907]}"
0.1892123287671233,-0.2984342136013087,"{""type"":""Point"",""coordinates"":[79.28982692396578,17.061967329305336]}"
0.5614443797320908,-0.5920427553444181,"{""type"":""Point"",""coordinates"":[79.17868854038481,17.07038780879665]}"
0.2744556884391291,-0.3346178548490687,"{""type"":""Point"",""coordinates"":[79.25994192303257,17.03727937312544]}"
0.7831587539110325,-0.6715123692935475,"{""type"":""Point"",""coordinates"":[79.21121531674105,17.045572428700055]}"
0.8089171974522293,-0.6915949702183984,"{""type"":""Point"",""coordinates"":[79.34344031290193,17.080574383176238]}"
0.3999537358315984,-0.4969082364580757,"{""type"":""Point"",""coordinates"":[79.26433221121968,17.058013901332583]}"
0.2676939148602768,-0.3968345323741007,"{""type"":""Point"",""coordinates"":[79.23476937063404,17.036992205716935]}"
0.6232862265344864,-0.5152589092341012,"{""type"":""Point"",""coordinates"":[79.32444091381373,16.993428521425233]}"
0.8294148380355277,-0.7149504101873393,"{""type"":""Point"",""coordinates"":[79.31521771177066,17.054050266767458]}"
0.272875816993464,-0.3873552983081033,"{""type"":""Point"",""coordinates"":[79.24462378481385,17.092628758012687]}"
0.4063745019920319,-0.4559010152284264,"{""type"":""Point"",""coordinates"":[79.19877775918569,17.068055817161333]}"
0.850907686365392,-0.7370710488158531,"{""type"":""Point"",""coordinates"":[79.29825026875868,17.020006540139654]}"
0.8712370351631672,-0.7526359436085772,"{""type"":""Point"",""coordinates"":[79.23525211078731,17.075079080964123]}"
0.3021732658529324,-0.4668008048289738,"{""type"":""Point"",""coordinates"":[79.31584519802598,17.020367159199242]}"
0.7951015531660693,-0.7044809982983551,"{""type"":""Point"",""coordinates"":[79.30707148871689,16.995488472818547]}"
0.7667381162526794,-0.7224339274738784,"{""type"":""Point"",""coordinates"":[79.29617212554,17.054777849465022]}"
0.2863332020480504,-0.3551867219917012,"{""type"":""Point"",""coordinates"":[79.3270553603502,17.068515134292817]}"
0.804059133049361,-0.699917365128084,"{""type"":""Point"",""coordinates"":[79.32172614209794,17.111867667751408]}"
0.5275668537471112,-0.5298396429161845,"{""type"":""Point"",""coordinates"":[79.35564023612423,17.043475028373674]}"
0.2312172393709959,-0.2761076904503199,"{""type"":""Point"",""coordinates"":[79.18682234163073,17.075500234125347]}"
0.5204280155642024,-0.4465525219805645,"{""type"":""Point"",""coordinates"":[79.20151066578721,17.04015473050744]}"
0.4924459743736852,-0.5441234665611397,"{""type"":""Point"",""coordinates"":[79.26072607186224,17.058145879514246]}"
0.8333333333333334,-0.718869898848971,"{""type"":""Point"",""coordinates"":[79.35199365820087,17.063856203211618]}"
0.4322067594433399,-0.5037573058725299,"{""type"":""Point"",""coordinates"":[79.21868816702748,17.030800157398296]}"
0.4895506792058516,-0.5467245354672453,"{""type"":""Point"",""coordinates"":[79.3154131180625,16.98867454804043]}"
0.2081031307550644,-0.2684498872059297,"{""type"":""Point"",""coordinates"":[79.2690508757359,16.98501695369571]}"
0.6302925070121544,-0.5821127673363578,"{""type"":""Point"",""coordinates"":[79.34647582633981,17.072900509301146]}"
0.7855055523085914,-0.6689429117727397,"{""type"":""Point"",""coordinates"":[79.31947925142406,17.064072654677116]}"
0.7637067938021455,-0.6729790842283776,"{""type"":""Point"",""coordinates"":[79.25723040071027,17.002539142554827]}"
0.8130460104834013,-0.7043525869148645,"{""type"":""Point"",""coordinates"":[79.30558659417692,17.06133703579991]}"
0.3417667238421955,-0.4416033172080166,"{""type"":""Point"",""coordinates"":[79.25729544352757,17.057319829129174]}"
0.3590241197671195,-0.4956521739130435,"{""type"":""Point"",""coordinates"":[79.35206381050227,17.08624897615186]}"
0.4466187050359712,-0.4383404864091559,"{""type"":""Point"",""coordinates"":[79.31600865343772,17.063031752692037]}"
0.6662127402027538,-0.5961733584577475,"{""type"":""Point"",""coordinates"":[79.26893140771197,17.11588329223497]}"
0.8011547669342346,-0.710121674020591,"{""type"":""Point"",""coordinates"":[79.33881663958961,17.05903670766136]}"
0.8212881355932203,-0.6723107569721115,"{""type"":""Point"",""coordinates"":[79.32750583732297,17.078711272540872]}"
0.5806977502445386,-0.538315088053308,"{""type"":""Point"",""coordinates"":[79.25442990887436,17.053750795630503]}"
0.7965913814604406,-0.6771439658517656,"{""type"":""Point"",""coordinates"":[79.32822470944471,17.06115328986586]}"
0.6777251184834123,-0.5381750465549349,"{""type"":""Point"",""coordinates"":[79.29307839822286,16.98881763109204]}"
0.2211510371019573,-0.4605171208944794,"{""type"":""Point"",""coordinates"":[79.22051699757574,17.043360968796648]}"
0.7542220625224578,-0.6187002652519894,"{""type"":""Point"",""coordinates"":[79.30598354924945,17.021108374329433]}"
0.7406244837270775,-0.6670886075949367,"{""type"":""Point"",""coordinates"":[79.224153612925,17.06836945574605]}"
0.18042533729705,-0.242358604091456,"{""type"":""Point"",""coordinates"":[79.25447378908467,17.089148315752457]}"
0.2250284414106939,-0.4068460935458584,"{""type"":""Point"",""coordinates"":[79.2702221764779,17.025414068339227]}"
0.8226282501756852,-0.7038496912363684,"{""type"":""Point"",""coordinates"":[79.29542670677681,16.99010268270739]}"
0.7921125934613693,-0.6761277937748525,"{""type"":""Point"",""coordinates"":[79.31172721042542,17.04667489965059]}"
0.4713264495631453,-0.5171171171171172,"{""type"":""Point"",""coordinates"":[79.26004618905729,17.14405239673941]}"
0.6488769092542678,-0.5313751668891856,"{""type"":""Point"",""coordinates"":[79.32510383874613,17.047600887493015]}"
0.7318141980718668,-0.6299147649161396,"{""type"":""Point"",""coordinates"":[79.33181467856943,17.00460385738207]}"
0.7665140614780902,-0.6750387596899224,"{""type"":""Point"",""coordinates"":[79.28731267355776,16.986491578615425]}"
0.7739967897271268,-0.6500447894893998,"{""type"":""Point"",""coordinates"":[79.34194461271024,17.028229695040668]}"
0.2472290281180725,-0.4063938955400605,"{""type"":""Point"",""coordinates"":[79.24815092639527,17.028343460572444]}"
0.8360655737704918,-0.7057305110996386,"{""type"":""Point"",""coordinates"":[79.33033915359444,17.019027348935843]}"
0.3641297154202514,-0.4389835241552638,"{""type"":""Point"",""coordinates"":[79.19419984603407,17.059566997098585]}"
0.6215844646846537,-0.5555555555555556,"{""type"":""Point"",""coordinates"":[79.25948433304181,17.01084102151489]}"
0.7765312310491207,-0.6588335220838052,"{""type"":""Point"",""coordinates"":[79.21029589352926,17.049197404962687]}"
0.2694314748695413,-0.4374125330430726,"{""type"":""Point"",""coordinates"":[79.22332616557472,17.11463407302144]}"
0.2737819025522042,-0.3778823529411764,"{""type"":""Point"",""coordinates"":[79.21382523676492,17.126362905046275]}"
0.1958537915984724,-0.3149370125974805,"{""type"":""Point"",""coordinates"":[79.23897966614477,17.14110619718284]}"
0.3218660411780036,-0.4219231847490888,"{""type"":""Point"",""coordinates"":[79.24022556524258,17.058051272809784]}"
0.2859550561797753,-0.3370327102803738,"{""type"":""Point"",""coordinates"":[79.2865118689969,17.070994342947053]}"
0.328537170263789,-0.408404366681621,"{""type"":""Point"",""coordinates"":[79.21929942333747,17.12579206855975]}"
0.757631822386679,-0.6824085005903188,"{""type"":""Point"",""coordinates"":[79.2499332480494,17.081026769488968]}"
0.1278945493409334,-0.1839940164547494,"{""type"":""Point"",""coordinates"":[79.2611723152714,17.075703669021042]}"
0.3052601729760386,-0.4283941039565554,"{""type"":""Point"",""coordinates"":[79.23382610764791,17.122579009147717]}"
0.6836606016933886,-0.5757882313269264,"{""type"":""Point"",""coordinates"":[79.27747649963923,16.996769934829768]}"
0.807149978635522,-0.6980728051391863,"{""type"":""Point"",""coordinates"":[79.32675837499539,17.07062699844798]}"
0.71682228685137,-0.6354622338874307,"{""type"":""Point"",""coordinates"":[79.28186268249178,16.99515761913324]}"
0.0822637106184364,-0.1468315301391035,"{""type"":""Point"",""coordinates"":[79.26411473194959,17.068521584029995]}"
0.871313672922252,-0.7480591034310042,"{""type"":""Point"",""coordinates"":[79.21544308160951,16.986404015852358]}"
0.6522845869924908,-0.6197130380536494,"{""type"":""Point"",""coordinates"":[79.33339058738785,17.001368153357472]}"
0.7389368944749934,-0.6730066759037662,"{""type"":""Point"",""coordinates"":[79.26944893019466,17.14016665504377]}"
0.8434760831455046,-0.7295582706766918,"{""type"":""Point"",""coordinates"":[79.31538579693115,17.00316465274221]}"
0.7964016607719514,-0.6801380698978858,"{""type"":""Point"",""coordinates"":[79.29011099483075,16.984054665233298]}"
0.8545319832057298,-0.7351819757365684,"{""type"":""Point"",""coordinates"":[79.35676726781837,17.054454828087472]}"
0.775645548186821,-0.7037638776062821,"{""type"":""Point"",""coordinates"":[79.24684887515242,17.008898106979963]}"
0.3193461819956086,-0.3698074974670719,"{""type"":""Point"",""coordinates"":[79.28836273287754,17.061978101030384]}"
0.4507569591404851,-0.4624220544798162,"{""type"":""Point"",""coordinates"":[79.26777591330936,17.030647584272042]}"
0.5466365178066704,-0.3471196454948301,"{""type"":""Point"",""coordinates"":[79.29675765684247,16.99561981032216]}"
0.2572227399813607,-0.3775848863926474,"{""type"":""Point"",""coordinates"":[79.34270183765551,17.017074182221744]}"
0.2773666751722378,-0.4298771779491573,"{""type"":""Point"",""coordinates"":[79.21494056273106,17.081913939005645]}"
0.7456926257753274,-0.6785950960901259,"{""type"":""Point"",""coordinates"":[79.2791284346555,17.0433882209367]}"
0.3324921135646688,-0.1162790697674418,"{""type"":""Point"",""coordinates"":[79.22717223876843,17.031033207324136]}"
0.5626657238819162,-0.5379262352122477,"{""type"":""Point"",""coordinates"":[79.2695498891962,17.12170805254037]}"
0.2310590547956425,-0.3894795229730979,"{""type"":""Point"",""coordinates"":[79.28343840744984,17.131303807997384]}"
0.6234167438986716,-0.5291721227993598,"{""type"":""Point"",""coordinates"":[79.23505167553283,16.982244492448533]}"
0.7778443113772455,-0.6722050126724867,"{""type"":""Point"",""coordinates"":[79.3286984330735,17.08426294740311]}"
0.7258914728682171,-0.6182584678005524,"{""type"":""Point"",""coordinates"":[79.29855935142439,17.077456919443268]}"
0.8432846609801937,-0.7218095881161377,"{""type"":""Point"",""coordinates"":[79.24355038503047,16.998246142076447]}"
0.2317757009345794,-0.3833639464707425,"{""type"":""Point"",""coordinates"":[79.3222027674844,17.02891719199715]}"
0.4847968864023352,-0.4924205378973105,"{""type"":""Point"",""coordinates"":[79.31584037485071,16.98408489889003]}"
0.792059925093633,-0.6857384441939121,"{""type"":""Point"",""coordinates"":[79.26785896179089,17.133149436217217]}"
0.833046699298849,-0.6988719960765081,"{""type"":""Point"",""coordinates"":[79.34649753937815,17.026990249185395]}"
0.7118791751379611,-0.6546883773161145,"{""type"":""Point"",""coordinates"":[79.31762849423718,17.038397296298086]}"
0.7786388140161725,-0.6660880542843617,"{""type"":""Point"",""coordinates"":[79.2489066978912,16.98796525885226]}"
0.7574035297636853,-0.650976535056906,"{""type"":""Point"",""coordinates"":[79.32437925633441,17.127345840956956]}"
0.8148811045768346,-0.7194767441860465,"{""type"":""Point"",""coordinates"":[79.30605302605856,17.030303102495033]}"
0.2158776639010899,-0.3894775980665551,"{""type"":""Point"",""coordinates"":[79.24916038201246,16.97865664817644]}"
0.4535606181296798,-0.5422582826233941,"{""type"":""Point"",""coordinates"":[79.29633083100677,17.036475069463176]}"
0.2900389398316794,-0.4448508722566123,"{""type"":""Point"",""coordinates"":[79.23692004153246,17.085592759675347]}"
0.8366225331001749,-0.7193638914873713,"{""type"":""Point"",""coordinates"":[79.33856509728645,17.08669502898269]}"
0.8231184921576381,-0.7076543209876544,"{""type"":""Point"",""coordinates"":[79.33176655061466,17.00963945848667]}"
0.5813736178165395,-0.5633564280215551,"{""type"":""Point"",""coordinates"":[79.32611493197041,17.05300103304955]}"
0.4878386395095906,-0.5011971268954509,"{""type"":""Point"",""coordinates"":[79.34552674481456,17.017731520483448]}"
0.5910061192543048,-0.5790960451977402,"{""type"":""Point"",""coordinates"":[79.22662685986238,17.04915548462368]}"
0.4271805273833671,-0.4764969222160045,"{""type"":""Point"",""coordinates"":[79.31133459311218,17.032115592231058]}"
0.773968253968254,-0.6798436795430632,"{""type"":""Point"",""coordinates"":[79.26935712721979,17.136659373055462]}"
0.7750511247443763,-0.6687723152979951,"{""type"":""Point"",""coordinates"":[79.3157572471014,17.062363513137445]}"
-0.1840228245363766,0.4169215086646279,"{""type"":""Point"",""coordinates"":[79.30346381774504,17.091524723886607]}"
0.8076386952885419,-0.6956066945606695,"{""type"":""Point"",""coordinates"":[79.34603016434077,17.05173184804441]}"
0.8158012200565392,-0.7188732394366197,"{""type"":""Point"",""coordinates"":[79.23451603248026,17.0933443497347]}"
0.4565560821484992,-0.5252274607113316,"{""type"":""Point"",""coordinates"":[79.20492595814595,17.090264215988856]}"
0.1787462130039618,-0.3380952380952381,"{""type"":""Point"",""coordinates"":[79.23457655943922,17.13713491714763]}"
0.228,-0.3423699169217315,"{""type"":""Point"",""coordinates"":[79.30823423634834,17.033454168304157]}"
0.2084677939847683,-0.3187772925764192,"{""type"":""Point"",""coordinates"":[79.2294348514889,17.112808633463533]}"
0.5435915248350122,-0.5406482925983706,"{""type"":""Point"",""coordinates"":[79.22998227002758,17.055093859194024]}"
0.2629535002554931,-0.365977672156516,"{""type"":""Point"",""coordinates"":[79.28792855078363,17.011170468568004]}"
0.2984114480766706,-0.3631977946243969,"{""type"":""Point"",""coordinates"":[79.27331567236378,17.070602490580864]}"
0.6848281642917016,-0.6600594648166501,"{""type"":""Point"",""coordinates"":[79.28530663786711,17.050664135785095]}"
0.8487267198783732,-0.7396280400572246,"{""type"":""Point"",""coordinates"":[79.18104920095446,17.02996296050972]}"
0.8348646034816247,-0.7208616780045352,"{""type"":""Point"",""coordinates"":[79.2884286736598,17.125967031832527]}"
0.7915861453842723,-0.6801895998884706,"{""type"":""Point"",""coordinates"":[79.35242549182964,17.032795191437813]}"
0.8055591467356173,-0.7210104744300678,"{""type"":""Point"",""coordinates"":[79.18915657206207,17.019361238877202]}"
0.7942273166689684,-0.6690647482014388,"{""type"":""Point"",""coordinates"":[79.18430373949164,17.022682864043162]}"
0.8340574632095304,-0.7105882352941176,"{""type"":""Point"",""coordinates"":[79.22884542659584,17.06526924846442]}"
-0.5417256011315418,0.6881616939364774,"{""type"":""Point"",""coordinates"":[79.28702848882443,17.01774619700281]}"
0.724346947611488,-0.6534735676722945,"{""type"":""Point"",""coordinates"":[79.28696776976287,17.104520790730646]}"
0.5961566457999709,-0.5807381776239908,"{""type"":""Point"",""coordinates"":[79.28016907173273,17.14551100708583]}"
0.7144238517324738,-0.6030741410488246,"{""type"":""Point"",""coordinates"":[79.32599327815329,17.04764469075464]}"
0.1829004329004329,-0.3212450891508008,"{""type"":""Point"",""coordinates"":[79.28466539965294,17.09743857102403]}"
0.4657457005920496,-0.5475517190058045,"{""type"":""Point"",""coordinates"":[79.17692639002874,17.078486072516153]}"
0.6487557457600254,-0.6445849802371542,"{""type"":""Point"",""coordinates"":[79.27055432409844,17.04125305664597]}"
0.1847931742088778,-0.4593587867500333,"{""type"":""Point"",""coordinates"":[79.27247306661141,17.14063332974678]}"
0.1312584573748308,0.0088915234143449,"{""type"":""Point"",""coordinates"":[79.28539404426148,17.10924045061458]}"
0.8296056884292179,-0.7208171206225681,"{""type"":""Point"",""coordinates"":[79.28100543787745,17.0819910992721]}"
0.2308681672025723,-0.3620352250489236,"{""type"":""Point"",""coordinates"":[79.28263602444207,17.031071113026048]}"
0.8780773739742087,-0.7772354115819836,"{""type"":""Point"",""coordinates"":[79.34701401701747,17.04493764404195]}"
0.4745398039684437,-0.4862650602409638,"{""type"":""Point"",""coordinates"":[79.22320334347668,17.032181761040935]}"
0.3336575875486381,-0.4322277357012274,"{""type"":""Point"",""coordinates"":[79.2257180943817,17.060190162577523]}"
0.711044776119403,-0.5781938325991189,"{""type"":""Point"",""coordinates"":[79.33990039577046,17.026869300406375]}"
0.2349272349272349,-0.4126040428061831,"{""type"":""Point"",""coordinates"":[79.2133939274575,17.084368757540595]}"
0.2853499574950411,-0.4002160827288162,"{""type"":""Point"",""coordinates"":[79.24478479682931,17.014872568338482]}"
0.3658798283261802,-0.4552729351243212,"{""type"":""Point"",""coordinates"":[79.28964042811089,17.03193441911809]}"
0.7174427782162589,-0.6368286445012787,"{""type"":""Point"",""coordinates"":[79.33050908507089,17.002115934692185]}"
0.3172915500839395,-0.4666666666666667,"{""type"":""Point"",""coordinates"":[79.22100664953312,17.06747937497607]}"
0.806631455399061,-0.7200726358429949,"{""type"":""Point"",""coordinates"":[79.19027580402467,17.02011643218656]}"
0.2293493308721735,-0.4557377049180328,"{""type"":""Point"",""coordinates"":[79.28408675702273,16.987014740979923]}"
0.3963139579842763,-0.4555958618836491,"{""type"":""Point"",""coordinates"":[79.27283901303176,17.074552472015384]}"
0.2677552104075401,-0.4304973037747154,"{""type"":""Point"",""coordinates"":[79.19330814694804,17.09767322643605]}"
0.2557184750733138,-0.3835218093699515,"{""type"":""Point"",""coordinates"":[79.23091932910077,17.13664115589497]}"
0.6651418115279049,-0.5932302305223227,"{""type"":""Point"",""coordinates"":[79.26138562508736,17.126620727310407]}"
0.5769161406672678,-0.5432403812213201,"{""type"":""Point"",""coordinates"":[79.27351331219721,16.984047765552354]}"
0.828,-0.7173994738819992,"{""type"":""Point"",""coordinates"":[79.18860557879694,17.03792255813126]}"
0.3726937269372694,-0.4058956916099773,"{""type"":""Point"",""coordinates"":[79.21460737158168,17.04110017022538]}"
0.7212268448223504,-0.6129766647694934,"{""type"":""Point"",""coordinates"":[79.3327806586434,17.004178097330346]}"
0.1969887076537013,-0.3029226987161977,"{""type"":""Point"",""coordinates"":[79.24926301636712,17.050344267572996]}"
0.2820109976433621,-0.3996569468267582,"{""type"":""Point"",""coordinates"":[79.28104298838743,17.09226936777649]}"
0.5337837837837838,-0.5140903785225946,"{""type"":""Point"",""coordinates"":[79.35334772547257,17.054582543155302]}"
0.246647804157953,-0.3868892842479814,"{""type"":""Point"",""coordinates"":[79.28647427835999,17.021277002648482]}"
0.1923718712753277,-0.3670401749111779,"{""type"":""Point"",""coordinates"":[79.27025239723228,17.131155462261013]}"
0.5253899767673416,-0.537123745819398,"{""type"":""Point"",""coordinates"":[79.2974781101621,17.131434279192398]}"
0.7503262287951283,-0.6473799126637555,"{""type"":""Point"",""coordinates"":[79.31085966781863,17.023985719536416]}"
0.804256551324743,-0.7118131868131868,"{""type"":""Point"",""coordinates"":[79.20472957028895,17.112655872663336]}"
0.7183898446634375,-0.6219454516790163,"{""type"":""Point"",""coordinates"":[79.29790921779444,17.12324900419363]}"
0.4288823255090937,-0.4124154886293792,"{""type"":""Point"",""coordinates"":[79.25488502028055,17.142195203992703]}"
0.7928464977645305,-0.697234762979684,"{""type"":""Point"",""coordinates"":[79.27623760063496,17.1190080595095]}"
0.2253363228699551,-0.4190197987666342,"{""type"":""Point"",""coordinates"":[79.25731852035598,17.14532199061926]}"
0.4434156378600823,-0.5333333333333333,"{""type"":""Point"",""coordinates"":[79.3040738489662,16.976691243738916]}"
0.082753286929621,-0.1183895190925067,"{""type"":""Point"",""coordinates"":[79.24428103219606,17.039712130032065]}"
0.2033898305084746,-0.3512454520011195,"{""type"":""Point"",""coordinates"":[79.24801219659824,17.03137404871418]}"
0.6534237726098191,-0.614062746334542,"{""type"":""Point"",""coordinates"":[79.35963779558331,17.051678922149392]}"
0.4984981063079535,-0.5581205866376969,"{""type"":""Point"",""coordinates"":[79.21288848318923,17.112779830335025]}"
0.7607687210072896,-0.672383949645948,"{""type"":""Point"",""coordinates"":[79.27020732591231,17.1271744103409]}"
0.3490328006728343,-0.4509271822704658,"{""type"":""Point"",""coordinates"":[79.29335961791499,17.052830674730185]}"
0.7148874129272639,-0.608081421844144,"{""type"":""Point"",""coordinates"":[79.22296536477528,16.998209967253022]}"
0.1988226637233259,-0.3204733344140055,"{""type"":""Point"",""coordinates"":[79.28515243429123,17.092314345001267]}"
0.337517612399129,-0.5192783355157864,"{""type"":""Point"",""coordinates"":[79.22297846952138,17.055021977354716]}"
0.7895470383275262,-0.6710046850598647,"{""type"":""Point"",""coordinates"":[79.29701216868865,17.091233439598714]}"
0.2582067613914747,-0.367048176736758,"{""type"":""Point"",""coordinates"":[79.25300431763829,17.064291317322645]}"
0.2554154938196059,-0.4356892932120363,"{""type"":""Point"",""coordinates"":[79.21673398742527,17.11518422257222]}"
0.7221350078492935,-0.6400059799671102,"{""type"":""Point"",""coordinates"":[79.26415697469834,16.985409948950497]}"
0.2220359281437125,-0.4486087450312322,"{""type"":""Point"",""coordinates"":[79.18442649762692,17.06400127016745]}"
0.2415940224159402,-0.3732782369146005,"{""type"":""Point"",""coordinates"":[79.23951831852871,17.135777195954468]}"
0.5055855855855856,-0.4436765722183828,"{""type"":""Point"",""coordinates"":[79.32036623518461,17.014533283574224]}"
0.1783235451147891,-0.3140815718963977,"{""type"":""Point"",""coordinates"":[79.24266416431504,17.1351059499639]}"
0.8055767179643456,-0.6996557659208261,"{""type"":""Point"",""coordinates"":[79.3227473820142,16.99497382702215]}"
0.1175152097342299,-0.2628912610819612,"{""type"":""Point"",""coordinates"":[79.2583164314426,17.03503129102643]}"
0.5101763907734057,-0.5871657754010695,"{""type"":""Point"",""coordinates"":[79.24679499124414,17.13036242353254]}"
0.6371997956055186,-0.5817014974493994,"{""type"":""Point"",""coordinates"":[79.22755055936634,17.07201325853316]}"
0.3397765025672002,-0.4604115226337448,"{""type"":""Point"",""coordinates"":[79.30710672341284,17.12884777267404]}"
-0.1853972798854688,0.4152106885919835,"{""type"":""Point"",""coordinates"":[79.32078949706901,17.085743555810883]}"
0.2907090123972698,-0.419641489198713,"{""type"":""Point"",""coordinates"":[79.32412689867218,17.11707023089239]}"
0.413025998391852,-0.5088723526044648,"{""type"":""Point"",""coordinates"":[79.3438846117665,17.018810700977582]}"
-0.4748490945674044,0.6660268714011516,"{""type"":""Point"",""coordinates"":[79.3200583558247,17.08280713904645]}"
0.8215427380125087,-0.6961304516629999,"{""type"":""Point"",""coordinates"":[79.21363135664069,17.027471284700077]}"
0.7774968394437421,-0.6631672334762679,"{""type"":""Point"",""coordinates"":[79.20807067676574,17.005213199098502]}"
0.343860894251242,-0.3412431379493536,"{""type"":""Point"",""coordinates"":[79.3014876428447,17.111512714861274]}"
0.2514097244387701,-0.3449971412235563,"{""type"":""Point"",""coordinates"":[79.21738291173403,16.9907112278899]}"
0.2986224608918982,-0.3585735222276502,"{""type"":""Point"",""coordinates"":[79.28945826529133,17.07469612688996]}"
0.827819956616052,-0.697984886649874,"{""type"":""Point"",""coordinates"":[79.31829567048372,17.104806001561418]}"
0.2653550863723608,-0.4473106476399561,"{""type"":""Point"",""coordinates"":[79.20963129468694,17.068493430917997]}"
0.8054298642533937,-0.6845597104945718,"{""type"":""Point"",""coordinates"":[79.2578676366562,17.11535003245004]}"
0.5179837227618798,-0.5474374414559079,"{""type"":""Point"",""coordinates"":[79.25224575245876,16.985377635922504]}"
0.7208851558714262,-0.6218602527020856,"{""type"":""Point"",""coordinates"":[79.31331492739774,17.108409977100482]}"
0.7433039170150179,-0.6490919742237844,"{""type"":""Point"",""coordinates"":[79.28426395079047,17.086151422529003]}"
0.8058839703051965,-0.6923473331615563,"{""type"":""Point"",""coordinates"":[79.25426670981219,17.115685704863584]}"
0.3369654045219286,-0.4765342960288808,"{""type"":""Point"",""coordinates"":[79.20330272656842,17.10042032320757]}"
0.8060220034742328,-0.7111507337813743,"{""type"":""Point"",""coordinates"":[79.1763993552471,17.05340521399652]}"
0.6615303569076781,-0.6159856539003459,"{""type"":""Point"",""coordinates"":[79.32439002329976,17.054578080004127]}"
0.5157894736842106,-0.543859649122807,"{""type"":""Point"",""coordinates"":[79.2047978556402,17.004274135877353]}"
0.2486348744084456,-0.2077464788732394,"{""type"":""Point"",""coordinates"":[79.2164443787731,16.993004318004026]}"
0.3083778966131907,-0.3793288590604027,"{""type"":""Point"",""coordinates"":[79.24670910459287,17.090623616883455]}"
0.2923299565846599,-0.4673421881418595,"{""type"":""Point"",""coordinates"":[79.2140609731386,17.095934178438803]}"
0.8194169261251062,-0.7228625033503082,"{""type"":""Point"",""coordinates"":[79.21084782819288,17.030183938155446]}"
0.3482155552395848,-0.4137468316684061,"{""type"":""Point"",""coordinates"":[79.29227928091042,17.0661351573007]}"
0.8211817797207728,-0.6994341360705356,"{""type"":""Point"",""coordinates"":[79.31241512339882,17.05155427192046]}"
0.6778484673221515,-0.6332160450387051,"{""type"":""Point"",""coordinates"":[79.32711592114913,17.055587593847928]}"
0.4994879672299027,-0.5290432058478005,"{""type"":""Point"",""coordinates"":[79.22463254768431,17.119645105827924]}"
0.7737677527151211,-0.644361833952912,"{""type"":""Point"",""coordinates"":[79.21398074959502,17.002122190301755]}"
0.7316882711229111,-0.6262833675564682,"{""type"":""Point"",""coordinates"":[79.32366477534748,17.050960828073833]}"
0.6190284216891756,-0.5431316042267051,"{""type"":""Point"",""coordinates"":[79.2977842768685,17.118324757917218]}"
0.8348871442590775,-0.7286490234600717,"{""type"":""Point"",""coordinates"":[79.34811937846179,17.0556928323767]}"
-0.2826086956521739,0.4972796517954298,"{""type"":""Point"",""coordinates"":[79.30160338220654,17.098501862536168]}"
0.2109997429966589,-0.3559712230215827,"{""type"":""Point"",""coordinates"":[79.27082052290547,17.144953948559337]}"
0.1470994475138121,-0.1894020766201217,"{""type"":""Point"",""coordinates"":[79.27303827735804,17.053945552004077]}"
0.860591266612422,-0.7283950617283951,"{""type"":""Point"",""coordinates"":[79.27725514126804,17.10881238055984]}"
0.8633683670853627,-0.7630366238176085,"{""type"":""Point"",""coordinates"":[79.22602479733494,16.983572223258694]}"
0.4599475677250218,-0.4654970760233918,"{""type"":""Point"",""coordinates"":[79.35452622352953,17.042619845956583]}"
0.2293770491803278,-0.3993133303478131,"{""type"":""Point"",""coordinates"":[79.2316582047591,17.10101838006492]}"
0.1269546779750861,-0.2052154195011337,"{""type"":""Point"",""coordinates"":[79.28545397856502,17.07501705172003]}"
0.2740274599542334,-0.4627257799671593,"{""type"":""Point"",""coordinates"":[79.18423314037359,17.077779871303296]}"
0.4019314019314019,-0.4522249051397033,"{""type"":""Point"",""coordinates"":[79.30478058588216,17.052561624156894]}"
0.3672851192730026,-0.3869790666410601,"{""type"":""Point"",""coordinates"":[79.28045582665011,16.976832206130805]}"
0.6870026525198939,-0.6335616438356164,"{""type"":""Point"",""coordinates"":[79.32575141820126,17.12328226090067]}"
0.7822966507177034,-0.6729824561403509,"{""type"":""Point"",""coordinates"":[79.32714279003604,17.034903444546142]}"
0.751796837565884,-0.6648451730418944,"{""type"":""Point"",""coordinates"":[79.29556141791475,17.0015367277966]}"
0.7886405959031657,-0.6648851653907266,"{""type"":""Point"",""coordinates"":[79.19971477778616,17.018078482706013]}"
0.2921554770318021,-0.3274284884565123,"{""type"":""Point"",""coordinates"":[79.28852160773224,17.045818012013797]}"
0.5757575757575758,-0.5511363636363636,"{""type"":""Point"",""coordinates"":[79.32952527361432,17.012738598820334]}"
0.1579207920792079,-0.2951273532668881,"{""type"":""Point"",""coordinates"":[79.26037257120831,17.043996123709288]}"
0.8107810781078107,-0.6901553074059813,"{""type"":""Point"",""coordinates"":[79.34306601293345,17.08931065209295]}"
0.0452722063037249,-0.0984643179765131,"{""type"":""Point"",""coordinates"":[79.25623364388461,17.086476820644133]}"
0.3459526774595268,-0.4887052341597796,"{""type"":""Point"",""coordinates"":[79.29892153272895,16.99222298026733]}"
0.6514377463144067,-0.5959937932007335,"{""type"":""Point"",""coordinates"":[79.2829031188562,16.996271459639054]}"
0.3082137789689421,-0.4534944823962165,"{""type"":""Point"",""coordinates"":[79.22991389964204,17.11063232413489]}"
0.3571242511070591,-0.4719593162876112,"{""type"":""Point"",""coordinates"":[79.29155867803894,17.098672304005728]}"
0.3168121000581733,-0.4206100163173089,"{""type"":""Point"",""coordinates"":[79.2852875498242,17.138011226045386]}"
0.287651154268963,-0.4271016650873155,"{""type"":""Point"",""coordinates"":[79.20329184063823,17.068205975722595]}"
0.7628575663257744,-0.6505689703025257,"{""type"":""Point"",""coordinates"":[79.34589219212899,17.03518409813369]}"
0.8387013656274156,-0.7199325138587611,"{""type"":""Point"",""coordinates"":[79.26798557884385,17.130902082482095]}"
0.6259021651964716,-0.4993529303013496,"{""type"":""Point"",""coordinates"":[79.31936915416401,17.09715952833247]}"
0.1312975416161393,-0.1815774323546344,"{""type"":""Point"",""coordinates"":[79.25825129409355,17.065413844714698]}"
0.41755768148565,-0.5573415765069551,"{""type"":""Point"",""coordinates"":[79.19838841947788,17.015491220070466]}"
0.8443408443408443,-0.7487721021611002,"{""type"":""Point"",""coordinates"":[79.23728534635016,17.114736350661104]}"
0.2473143666627316,-0.3420551251111393,"{""type"":""Point"",""coordinates"":[79.29550816587248,17.061641202427523]}"
0.4290687554395126,-0.5463820436352221,"{""type"":""Point"",""coordinates"":[79.26394690920203,17.10278849605329]}"
0.3475771540287669,-0.4289945209536502,"{""type"":""Point"",""coordinates"":[79.33145419883608,17.001319054189995]}"
0.3927485380116959,-0.5088697415103902,"{""type"":""Point"",""coordinates"":[79.3013325472968,17.132053787078892]}"
0.1661721068249258,-0.3429338540395411,"{""type"":""Point"",""coordinates"":[79.28590677326206,17.050963772290622]}"
0.5880927656628592,-0.5930555555555556,"{""type"":""Point"",""coordinates"":[79.27189246335516,17.057165713957627]}"
0.7988418165193538,-0.6748013620885358,"{""type"":""Point"",""coordinates"":[79.23152491277278,17.07460861120151]}"
0.3088313061872025,-0.3091774662787622,"{""type"":""Point"",""coordinates"":[79.27333282559555,17.06819709367715]}"
0.7601572739187418,-0.6458333333333334,"{""type"":""Point"",""coordinates"":[79.1983938186431,17.07416104429675]}"
0.4199893673577884,-0.581409117821196,"{""type"":""Point"",""coordinates"":[79.2637303721433,17.10373580831236]}"
0.8134576948700866,-0.711303910474035,"{""type"":""Point"",""coordinates"":[79.19721123690528,17.018242713120777]}"
0.2286107290233837,-0.3537435586541376,"{""type"":""Point"",""coordinates"":[79.34472023686467,17.105789191670446]}"
0.3276740237691001,-0.3818132390920212,"{""type"":""Point"",""coordinates"":[79.27074049306584,17.084149785126293]}"
0.8290573229731711,-0.7215399475645095,"{""type"":""Point"",""coordinates"":[79.21627505261485,17.009901870342137]}"
0.288347037142047,-0.4211102423768569,"{""type"":""Point"",""coordinates"":[79.27103338891075,17.0298689557816]}"
0.3920776071139854,-0.4642857142857143,"{""type"":""Point"",""coordinates"":[79.20609075248291,17.055400220915644]}"
0.3273257354890008,-0.4660421545667447,"{""type"":""Point"",""coordinates"":[79.24923739928217,16.983983858145475]}"
0.5071061384941035,-0.5137433561123766,"{""type"":""Point"",""coordinates"":[79.27043488608666,17.0396708037369]}"
0.3618532818532818,-0.4679540536041285,"{""type"":""Point"",""coordinates"":[79.23338978491594,17.120044431363258]}"
0.2790361445783132,-0.3837330552659019,"{""type"":""Point"",""coordinates"":[79.34169216638401,17.101411059133433]}"
0.8462324393358877,-0.7404286058271129,"{""type"":""Point"",""coordinates"":[79.24051189335052,17.005585704682563]}"
0.2371715349047028,-0.3441980149491483,"{""type"":""Point"",""coordinates"":[79.2728286928039,17.037255035602005]}"
0.4555472076133233,-0.4661957618567104,"{""type"":""Point"",""coordinates"":[79.24004897541057,17.118777622459362]}"
0.5782035175879398,-0.5192743764172335,"{""type"":""Point"",""coordinates"":[79.21479073804673,16.98840682178127]}"
0.4126213592233009,-0.3503480278422274,"{""type"":""Point"",""coordinates"":[79.20517030351773,17.048148528854462]}"
0.742478162406988,-0.6450824679291387,"{""type"":""Point"",""coordinates"":[79.29890138286841,17.11874408315559]}"
0.8101313320825516,-0.7144888046439996,"{""type"":""Point"",""coordinates"":[79.32826852603128,17.11829307022628]}"
0.2263759086188992,-0.3841195429241137,"{""type"":""Point"",""coordinates"":[79.24000361069938,17.042225626940887]}"
0.2185704435761893,-0.3331657027910485,"{""type"":""Point"",""coordinates"":[79.31510412375958,16.999683563534937]}"
0.8468431771894094,-0.7167739492616433,"{""type"":""Point"",""coordinates"":[79.24168121992547,16.999885262782943]}"
0.7773897861195984,-0.6896265560165975,"{""type"":""Point"",""coordinates"":[79.32147962997428,17.125675555539566]}"
0.2989744255484876,-0.4059294646620767,"{""type"":""Point"",""coordinates"":[79.31557828342943,17.017016260537826]}"
0.787967379596861,-0.6695402298850575,"{""type"":""Point"",""coordinates"":[79.24016911844687,17.029825043741006]}"
0.5237823981771575,-0.5290082880823093,"{""type"":""Point"",""coordinates"":[79.32600766039118,17.094832669645427]}"
0.3279075872932528,-0.4261948399830819,"{""type"":""Point"",""coordinates"":[79.27967784825113,17.077455959449992]}"
0.7146500876773474,-0.6277239709443099,"{""type"":""Point"",""coordinates"":[79.2263771107415,17.105649629589138]}"
0.8016323142896666,-0.7145866245392312,"{""type"":""Point"",""coordinates"":[79.31072195108091,17.040063386982613]}"
0.2811059907834101,-0.4808238636363636,"{""type"":""Point"",""coordinates"":[79.21117577648731,17.10603840218425]}"
0.2241715399610136,-0.4088614694335389,"{""type"":""Point"",""coordinates"":[79.17418156651338,17.051644896391704]}"
0.3319036621577037,-0.4189806678383128,"{""type"":""Point"",""coordinates"":[79.2333963329505,17.099980089361015]}"
0.2342752962625341,-0.0153730783652043,"{""type"":""Point"",""coordinates"":[79.31986546541779,17.09089678613199]}"
0.8263968072976055,-0.7003715498938429,"{""type"":""Point"",""coordinates"":[79.21383588622025,17.0582618020301]}"
0.5104122396940076,-0.5179384965831435,"{""type"":""Point"",""coordinates"":[79.35628258879855,17.066891844639887]}"
0.7385034013605443,-0.6519715578539108,"{""type"":""Point"",""coordinates"":[79.30411307450663,17.051774403347288]}"
0.6420086393088553,-0.6009476177941564,"{""type"":""Point"",""coordinates"":[79.20494320655607,17.02282382475108]}"
0.1271380708869688,-0.297077922077922,"{""type"":""Point"",""coordinates"":[79.25795775018393,17.093399356090824]}"
0.831459114257948,-0.7307793230123327,"{""type"":""Point"",""coordinates"":[79.19654171654079,17.028843334260852]}"
0.8238080202083992,-0.7073603310671002,"{""type"":""Point"",""coordinates"":[79.17913830379607,17.071280314928117]}"
0.763220648057231,-0.724516394567156,"{""type"":""Point"",""coordinates"":[79.3480525247672,17.095550409152086]}"
0.3306590257879656,-0.4320957197483656,"{""type"":""Point"",""coordinates"":[79.22151189081883,17.133050027675875]}"
0.2904518139327843,-0.3831106870229007,"{""type"":""Point"",""coordinates"":[79.20025822374906,17.035519296515865]}"
0.1432734337056823,-0.1874894904994114,"{""type"":""Point"",""coordinates"":[79.2671876616029,17.051643613693663]}"
-0.311864406779661,0.4972136222910217,"{""type"":""Point"",""coordinates"":[79.31401192181795,17.10441106999298]}"
0.4078225904715487,-0.5313452617627568,"{""type"":""Point"",""coordinates"":[79.30392400446662,16.9942344745608]}"
0.8250265111346765,-0.72531328320802,"{""type"":""Point"",""coordinates"":[79.18750278778978,17.013064059561888]}"
0.486203941730934,-0.5381340901028734,"{""type"":""Point"",""coordinates"":[79.31127615097223,17.03005759884643]}"
0.7435897435897436,-0.6486930167950499,"{""type"":""Point"",""coordinates"":[79.3304728585185,17.073983017793356]}"
0.4875739644970414,-0.4596477646603445,"{""type"":""Point"",""coordinates"":[79.22772984329768,17.03686932263906]}"
0.6464303059737737,-0.5915492957746479,"{""type"":""Point"",""coordinates"":[79.25321080513781,17.122344789463977]}"
0.4421153582682559,-0.5208784857679526,"{""type"":""Point"",""coordinates"":[79.33004974177072,17.00413227712918]}"
0.225470469878092,-0.4069846446528061,"{""type"":""Point"",""coordinates"":[79.29437124750679,17.138381593774948]}"
0.7281730915739754,-0.6158997008120815,"{""type"":""Point"",""coordinates"":[79.21390919231979,16.98583847859806]}"
0.8511474578420185,-0.7233238904627006,"{""type"":""Point"",""coordinates"":[79.20684193683337,17.0203041565514]}"
0.5893285371702638,-0.570962962962963,"{""type"":""Point"",""coordinates"":[79.294556424506,16.983934702637058]}"
0.1648298993770963,-0.3186872796311364,"{""type"":""Point"",""coordinates"":[79.27747172542209,17.021902141642713]}"
0.7556923076923077,-0.6679333528208127,"{""type"":""Point"",""coordinates"":[79.26102828114232,17.00112850353956]}"
0.7438865576616988,-0.6701773835920177,"{""type"":""Point"",""coordinates"":[79.28123673307822,16.97216378199159]}"
0.3172535211267606,-0.3715857011915673,"{""type"":""Point"",""coordinates"":[79.27232416060508,17.10053281689692]}"
0.1818796484110885,-0.4096774193548387,"{""type"":""Point"",""coordinates"":[79.24876694372297,17.144538178827876]}"
0.6094032549728752,-0.6050495942290351,"{""type"":""Point"",""coordinates"":[79.27329757311122,16.99051239099425]}"
0.7919409214962273,-0.6800120409391932,"{""type"":""Point"",""coordinates"":[79.27095236599422,17.00319753643476]}"
0.6301040832666133,-0.5199701381112355,"{""type"":""Point"",""coordinates"":[79.26075282452491,16.997640863507176]}"
0.2514718250630782,-0.3958724202626641,"{""type"":""Point"",""coordinates"":[79.24556541515852,17.033803980725853]}"
0.2062163777644949,-0.2504647416036684,"{""type"":""Point"",""coordinates"":[79.3444924959933,17.042373698218153]}"
0.2984731227776616,-0.386333184457347,"{""type"":""Point"",""coordinates"":[79.19974915432627,17.067828217325495]}"
0.6235000779180302,-0.5932099709435693,"{""type"":""Point"",""coordinates"":[79.19951188913575,17.075326244124756]}"
0.2446402349486049,-0.4023825281270681,"{""type"":""Point"",""coordinates"":[79.2444289994274,17.0424252011775]}"
0.2733624454148471,-0.1045454545454545,"{""type"":""Point"",""coordinates"":[79.30899487716226,17.10785237616283]}"
0.7847277345610414,-0.6786620875018665,"{""type"":""Point"",""coordinates"":[79.21981347441897,17.051926859205356]}"
0.2185128983308042,-0.3135223555070883,"{""type"":""Point"",""coordinates"":[79.27239288014351,17.0720704359031]}"
0.8020690514770036,-0.6487626867373703,"{""type"":""Point"",""coordinates"":[79.2973700486831,17.006553508372548]}"
0.2654063343972502,-0.4551101072840203,"{""type"":""Point"",""coordinates"":[79.28321104987495,16.997464414883343]}"
0.6029515108924807,-0.548540393754243,"{""type"":""Point"",""coordinates"":[79.31757952473812,17.02090911739191]}"
0.5160796324655437,-0.5385943705750302,"{""type"":""Point"",""coordinates"":[79.26162751247263,16.999746826517434]}"
0.0396946564885496,0.1592592592592592,"{""type"":""Point"",""coordinates"":[79.34709825755058,17.018466542332888]}"
0.2323135755258126,-0.3797163500133797,"{""type"":""Point"",""coordinates"":[79.21782503194906,17.122253032237847]}"
0.8085607424851088,-0.7008858780614904,"{""type"":""Point"",""coordinates"":[79.21845598212217,17.022386075415085]}"
0.383730957171601,-0.5006234413965087,"{""type"":""Point"",""coordinates"":[79.23282598811154,17.01115084588172]}"
0.7512396694214876,-0.6815236079883613,"{""type"":""Point"",""coordinates"":[79.27848060294221,17.138039968358548]}"
0.7953184540010887,-0.7063769240719182,"{""type"":""Point"",""coordinates"":[79.304487531035,17.055031658699285]}"
0.7788853647485274,-0.663089522733691,"{""type"":""Point"",""coordinates"":[79.22309983014802,17.0783643452483]}"
0.1361770480099946,-0.2165106057710682,"{""type"":""Point"",""coordinates"":[79.26848505428597,17.050265469433263]}"
0.6248412138320395,-0.5617962284628951,"{""type"":""Point"",""coordinates"":[79.27991281739307,17.114005919880736]}"
0.7153989496866,-0.5807055885107711,"{""type"":""Point"",""coordinates"":[79.33562265008155,17.07453643512699]}"
0.2399132321041214,-0.3632244216551395,"{""type"":""Point"",""coordinates"":[79.27641571659426,17.08468085753289]}"
0.6745273825764958,-0.6041822255414488,"{""type"":""Point"",""coordinates"":[79.2314429427968,17.11213190275357]}"
0.8534691897137312,-0.7454877770162212,"{""type"":""Point"",""coordinates"":[79.3560564956743,17.05875546996024]}"
0.3929961089494163,-0.5265538183227807,"{""type"":""Point"",""coordinates"":[79.29530412411103,17.004512549703215]}"
0.5174291938997821,-0.5775764439411099,"{""type"":""Point"",""coordinates"":[79.2612736525294,16.97861632866082]}"
0.8097826086956522,-0.686787674124103,"{""type"":""Point"",""coordinates"":[79.34511314366317,17.053208489155253]}"
0.3126326963906581,-0.4257711155952724,"{""type"":""Point"",""coordinates"":[79.29173672048071,17.08736747773293]}"
0.2318875696631936,-0.3528472591804151,"{""type"":""Point"",""coordinates"":[79.32403468672807,17.006752099501274]}"
0.7230351485895309,-0.6618652698966973,"{""type"":""Point"",""coordinates"":[79.26451808829383,17.127350954395595]}"
0.8659592292655682,-0.732434534612393,"{""type"":""Point"",""coordinates"":[79.27693445874253,17.015415356472456]}"
0.8043740775526633,-0.7181551041267408,"{""type"":""Point"",""coordinates"":[79.29463623642023,16.994527816542213]}"
0.7763247513962676,-0.6611464968152866,"{""type"":""Point"",""coordinates"":[79.34655099574952,17.04211562733575]}"
0.7879043600562587,-0.6872843111229094,"{""type"":""Point"",""coordinates"":[79.27655252491225,16.99126265081095]}"
0.2374252550123109,-0.3940034341566504,"{""type"":""Point"",""coordinates"":[79.2849731152973,17.10502478965837]}"
0.1496181294603731,-0.2698105379615544,"{""type"":""Point"",""coordinates"":[79.23749214783571,17.031089067934627]}"
0.5081384215565586,-0.5260899653979239,"{""type"":""Point"",""coordinates"":[79.33552648442702,17.00197657690666]}"
0.3050475493782004,-0.3701996927803379,"{""type"":""Point"",""coordinates"":[79.28421626705332,17.061646320205337]}"
0.1974905897114178,-0.2694865655759511,"{""type"":""Point"",""coordinates"":[79.27311741158435,17.072123634428458]}"
0.6433973240255962,-0.596045197740113,"{""type"":""Point"",""coordinates"":[79.26962149000217,17.10982739907203]}"
0.2394366197183098,-0.3711254765456655,"{""type"":""Point"",""coordinates"":[79.2884585660345,17.094725435645486]}"
0.794077859612205,-0.6637858935043212,"{""type"":""Point"",""coordinates"":[79.33983473658586,17.054857937357905]}"
0.2425,-0.4177720724575667,"{""type"":""Point"",""coordinates"":[79.26888088164166,17.015553300756117]}"
0.5331000291630212,-0.5730101735487731,"{""type"":""Point"",""coordinates"":[79.34176620184817,17.09891973121827]}"
0.8209492182094922,-0.7139880177129461,"{""type"":""Point"",""coordinates"":[79.31198166674879,17.06453021916645]}"
0.8312770923641214,-0.7093059446000622,"{""type"":""Point"",""coordinates"":[79.2386010644668,17.083499559476227]}"
-0.2019002375296912,0.4760914760914761,"{""type"":""Point"",""coordinates"":[79.30536346204917,17.087221670623073]}"
0.6310713659477468,-0.5382834463370266,"{""type"":""Point"",""coordinates"":[79.28734553214096,16.998973220159282]}"
0.5876466954910439,-0.5925650557620817,"{""type"":""Point"",""coordinates"":[79.29232334496102,17.127850062944272]}"
0.8473037907100908,-0.7365119196988708,"{""type"":""Point"",""coordinates"":[79.19921821311313,17.001063018088843]}"
0.2247432529257224,-0.4500212074084547,"{""type"":""Point"",""coordinates"":[79.22259907121513,17.09811496042009]}"
0.821491645156908,-0.7088962528677033,"{""type"":""Point"",""coordinates"":[79.33521726624916,17.015937236209975]}"
0.7911181831332272,-0.6694081164891466,"{""type"":""Point"",""coordinates"":[79.2996170638182,17.12909130643999]}"
0.8042184964845862,-0.7500327868852459,"{""type"":""Point"",""coordinates"":[79.24519542983633,17.019403308258358]}"
0.8596866096866097,-0.7253303964757709,"{""type"":""Point"",""coordinates"":[79.34676653326248,17.06029787484773]}"
