system:index,NDVI,NDWI,.geo
0,0.34876698540513335,-0.4761773616083724,"{""type"":""Point"",""coordinates"":[79.22172250457919,17.06936904703689]}"
1,0.6418118466898954,-0.49896612056624784,"{""type"":""Point"",""coordinates"":[79.31039094345329,16.979865251904673]}"
2,0.8264900662251655,-0.7007893438579181,"{""type"":""Point"",""coordinates"":[79.34791124638814,17.030229614259166]}"
3,0.7787543567207152,-0.6797366914710933,"{""type"":""Point"",""coordinates"":[79.29644184947225,17.127904832832826]}"
4,0.4010902483343428,-0.46609202687286094,"{""type"":""Point"",""coordinates"":[79.26241613051191,17.009605231937847]}"
5,0.7996505532906232,-0.7067108533554267,"{""type"":""Point"",""coordinates"":[79.2043626129108,17.015589364708006]}"
6,0.34318030605455757,-0.4099734599804442,"{""type"":""Point"",""coordinates"":[79.29202533018488,17.03880765536607]}"
7,0.6028426950936177,-0.597602506470508,"{""type"":""Point"",""coordinates"":[79.31255829735002,16.998796149843038]}"
8,0.20670967741935484,-0.3854814814814815,"{""type"":""Point"",""coordinates"":[79.24625762246627,17.126494435274562]}"
9,0.25585238226383916,-0.38855054811205847,"{""type"":""Point"",""coordinates"":[79.23715113947607,17.10135116424289]}"
10,0.38098360655737706,-0.46534929028666855,"{""type"":""Point"",""coordinates"":[79.22274624963916,17.071262462276287]}"
11,0.14181818181818182,-0.28999516674722087,"{""type"":""Point"",""coordinates"":[79.25916975126272,17.044586602646476]}"
12,0.6842580063148399,-0.6155177386789732,"{""type"":""Point"",""coordinates"":[79.24009756300356,17.08178267105987]}"
13,0.24806201550387597,-0.455077086656034,"{""type"":""Point"",""coordinates"":[79.26487042828067,17.13710364910967]}"
14,0.477868425620552,-0.5206286836935167,"{""type"":""Point"",""coordinates"":[79.35336293986775,17.031339936232524]}"
15,0.8145991939095387,-0.6970543068546698,"{""type"":""Point"",""coordinates"":[79.19262675396102,17.03831503340618]}"
16,0.5108681157487664,-0.5398206034248437,"{""type"":""Point"",""coordinates"":[79.21486545752464,16.998530678686254]}"
17,0.1756007393715342,-0.00792393026941363,"{""type"":""Point"",""coordinates"":[79.30239835881407,16.985043731342223]}"
18,0.23809523809523808,-0.4304672380425767,"{""type"":""Point"",""coordinates"":[79.18859291328911,17.09405894634541]}"
19,0.6712574850299401,-0.5916737952666097,"{""type"":""Point"",""coordinates"":[79.358045468616,17.04256221219821]}"
20,0.7810361681329423,-0.6456420292036731,"{""type"":""Point"",""coordinates"":[79.26585739837834,17.11139856976363]}"
21,0.2606607480716053,-0.45923180592991913,"{""type"":""Point"",""coordinates"":[79.3095054515174,17.012110408073934]}"
22,0.181723779854621,-0.2757847533632287,"{""type"":""Point"",""coordinates"":[79.2611529822478,17.052383581806637]}"
23,0.19389075847786694,-0.2632155573815393,"{""type"":""Point"",""coordinates"":[79.25213404387881,17.03939207524014]}"
24,0.7608090282866774,-0.6734921298230951,"{""type"":""Point"",""coordinates"":[79.30492360673811,16.988911070835293]}"
25,0.7439387494683114,-0.6468068014459767,"{""type"":""Point"",""coordinates"":[79.2787868546749,17.0826203675297]}"
26,0.7583028529626921,-0.6501441713579569,"{""type"":""Point"",""coordinates"":[79.3111041370731,17.044366260023445]}"
27,0.5189636335258311,-0.5102420856610801,"{""type"":""Point"",""coordinates"":[79.33735035358576,17.02241015377926]}"
28,0.15233373226192512,-0.35586401126533895,"{""type"":""Point"",""coordinates"":[79.25015132564006,17.03085031279876]}"
29,0.1983400924266717,-0.04121937228550356,"{""type"":""Point"",""coordinates"":[79.26394530478271,17.034121504737342]}"
30,0.2656631931043355,-0.43452901720618253,"{""type"":""Point"",""coordinates"":[79.27042296512178,17.103924901445147]}"
31,0.14653369792504423,-0.3471933471933472,"{""type"":""Point"",""coordinates"":[79.27374321769891,17.037790183572625]}"
32,-0.44609297725024727,0.6246648793565683,"{""type"":""Point"",""coordinates"":[79.29957681016083,17.104706544841672]}"
33,0.7918678921950459,-0.6604590731918579,"{""type"":""Point"",""coordinates"":[79.23065760750859,16.977008310268797]}"
34,0.3923578751164958,-0.4750352609308886,"{""type"":""Point"",""coordinates"":[79.27767114943374,17.084229000323703]}"
35,0.780765857936276,-0.6738562989421624,"{""type"":""Point"",""coordinates"":[79.33540543916786,17.08191825140265]}"
36,0.7274103987884907,-0.6305590851334181,"{""type"":""Point"",""coordinates"":[79.23174467726658,16.978567779278066]}"
37,0.7833627278071722,-0.6727322856355115,"{""type"":""Point"",""coordinates"":[79.3377496366839,17.066307187584922]}"
38,0.4445298488342301,-0.46327536984168183,"{""type"":""Point"",""coordinates"":[79.22451675152413,17.124858067125853]}"
39,0.5052820410603946,-0.475,"{""type"":""Point"",""coordinates"":[79.29784117707129,17.09349601246865]}"
40,0.7754689754689754,-0.6528747984954326,"{""type"":""Point"",""coordinates"":[79.3351960626386,17.050388148743604]}"
41,0.8057765988800472,-0.6747300806341396,"{""type"":""Point"",""coordinates"":[79.25167006829444,17.00716129131705]}"
42,0.4657084830495235,-0.5173863820152029,"{""type"":""Point"",""coordinates"":[79.31681153453943,17.033416140655074]}"
43,0.25202734934011767,-0.36867721188944896,"{""type"":""Point"",""coordinates"":[79.34035681969893,17.110925607966102]}"
44,0.23785328675770084,-0.4026628283555236,"{""type"":""Point"",""coordinates"":[79.22462463935783,17.017903800605932]}"
45,0.8188923325697345,-0.6870391201099862,"{""type"":""Point"",""coordinates"":[79.34578997171124,17.01388852836428]}"
46,-0.217351598173516,0.41321465251626155,"{""type"":""Point"",""coordinates"":[79.24537264552873,17.116570961948614]}"
47,0.3058313522584254,-0.43639440086140596,"{""type"":""Point"",""coordinates"":[79.24197140487877,17.033482018340052]}"
48,0.07784431137724551,-0.009817671809256662,"{""type"":""Point"",""coordinates"":[79.27250192291567,17.11752385978973]}"
49,0.5753510794382729,-0.5059106391504709,"{""type"":""Point"",""coordinates"":[79.28941152610155,16.971569690397754]}"
50,0.5318543799772468,-0.48763982875293466,"{""type"":""Point"",""coordinates"":[79.33864039221196,17.030382563332626]}"
51,0.4340881165525715,-0.5018382352941176,"{""type"":""Point"",""coordinates"":[79.2461935491706,16.977327289987127]}"
52,0.691651865008881,-0.5569723720778159,"{""type"":""Point"",""coordinates"":[79.35016499742311,17.069330692028267]}"
53,0.8432901521821154,-0.7285057200141526,"{""type"":""Point"",""coordinates"":[79.19660973818873,17.01225872699667]}"
54,0.17593360995850624,-0.2861356932153392,"{""type"":""Point"",""coordinates"":[79.23591936828093,17.112196484688063]}"
55,0.23379235649079375,-0.26511185149928607,"{""type"":""Point"",""coordinates"":[79.26743577160714,17.036417758256604]}"
56,0.7935500582826058,-0.6820114174662942,"{""type"":""Point"",""coordinates"":[79.33440401758072,17.08216991485398]}"
57,0.3102914624709827,-0.4514285714285714,"{""type"":""Point"",""coordinates"":[79.18114428955055,17.079750911460273]}"
58,0.27801692147840285,-0.41078158282811733,"{""type"":""Point"",""coordinates"":[79.27907642040036,17.143342351835766]}"
59,0.7959774272898278,-0.6474648261215822,"{""type"":""Point"",""coordinates"":[79.30320390536755,17.071191762757273]}"
60,0.1242263483642794,-0.2539447731755424,"{""type"":""Point"",""coordinates"":[79.26489602059631,16.970101826991726]}"
61,0.14967369209371992,-0.27670191279553286,"{""type"":""Point"",""coordinates"":[79.25707300109609,17.044768568247985]}"
62,0.2200366524129505,-0.2920170785353862,"{""type"":""Point"",""coordinates"":[79.26098440266144,17.061664538480766]}"
63,0.7845538615346164,-0.7012151536812009,"{""type"":""Point"",""coordinates"":[79.31168323494272,16.983744568626747]}"
64,0.13654096228868662,-0.24457102171591313,"{""type"":""Point"",""coordinates"":[79.30202946019087,17.013806199142962]}"
65,0.6714435512058721,-0.5945315105035012,"{""type"":""Point"",""coordinates"":[79.26759119759824,16.991938056733144]}"
66,0.7454654474591516,-0.6631909727181832,"{""type"":""Point"",""coordinates"":[79.29152051996543,17.00109450627676]}"
67,0.573933281613654,-0.5579788050990632,"{""type"":""Point"",""coordinates"":[79.22525013574634,17.120441580503826]}"
68,0.7707293511511834,-0.6995827538247567,"{""type"":""Point"",""coordinates"":[79.2298776128893,17.020061788843]}"
69,0.8483388283033223,-0.737720553171197,"{""type"":""Point"",""coordinates"":[79.24745062834454,17.016606365905336]}"
70,0.5371783496007099,-0.5514956116783092,"{""type"":""Point"",""coordinates"":[79.24869728544431,17.003313429196577]}"
71,0.8220893822943354,-0.6760932181199267,"{""type"":""Point"",""coordinates"":[79.22351345184835,16.992326369216904]}"
72,0.5590892663534514,-0.5655960805661404,"{""type"":""Point"",""coordinates"":[79.33811459736889,17.069387400887322]}"
73,0.3498639250075597,-0.4855241264559068,"{""type"":""Point"",""coordinates"":[79.19625281394968,17.08487213429666]}"
74,0.3748082495312766,-0.4901163864769998,"{""type"":""Point"",""coordinates"":[79.20595130691885,17.104097610893206]}"
75,0.8205768164170827,-0.7299077733860343,"{""type"":""Point"",""coordinates"":[79.19761572070654,17.032949840955673]}"
76,0.3254801536491677,-0.4196379594075699,"{""type"":""Point"",""coordinates"":[79.29376260130933,17.070836474976485]}"
77,0.8076109936575053,-0.7040358744394619,"{""type"":""Point"",""coordinates"":[79.18372309825871,17.027973631235636]}"
78,0.7855897733875654,-0.6742032143830019,"{""type"":""Point"",""coordinates"":[79.19847968253072,17.000638741018196]}"
79,0.3548917511647027,-0.46207304450687564,"{""type"":""Point"",""coordinates"":[79.26939498251775,17.02985818941026]}"
80,0.6445384818830997,-0.6017516743946419,"{""type"":""Point"",""coordinates"":[79.34242846262076,17.04104242588437]}"
81,0.23668553185314178,-0.40487965710517637,"{""type"":""Point"",""coordinates"":[79.24738535571292,17.129566404075373]}"
82,0.7493219129193434,-0.6517050815473784,"{""type"":""Point"",""coordinates"":[79.32157816869204,17.076509247266195]}"
83,0.21176470588235294,-0.4249624060150376,"{""type"":""Point"",""coordinates"":[79.24771580373748,17.128777334281857]}"
84,0.29469293830001436,-0.3989121989121989,"{""type"":""Point"",""coordinates"":[79.34226524313927,17.104368235338697]}"
85,0.4054982817869416,-0.45078332840673957,"{""type"":""Point"",""coordinates"":[79.24092956779438,17.1268982795421]}"
86,0.1588005215123859,-0.3078281341965862,"{""type"":""Point"",""coordinates"":[79.30420227570949,17.13312115759]}"
87,0.618396696568418,-0.6040079029071408,"{""type"":""Point"",""coordinates"":[79.27906605794787,17.013967048262117]}"
88,0.8372638597357699,-0.7230199166280685,"{""type"":""Point"",""coordinates"":[79.35888163510069,17.06474159895536]}"
89,0.666489785088883,-0.6150681409102597,"{""type"":""Point"",""coordinates"":[79.34371556495043,17.05024316399065]}"
90,0.7867179411329684,-0.6620803522289488,"{""type"":""Point"",""coordinates"":[79.30557461504947,17.05244675878735]}"
91,0.8184981153957669,-0.6853419320166599,"{""type"":""Point"",""coordinates"":[79.2925375365637,17.13690348704037]}"
92,0.8147096774193548,-0.7341553637484587,"{""type"":""Point"",""coordinates"":[79.18542952455067,17.03189786746996]}"
93,0.2406311637080868,-0.4156039009752438,"{""type"":""Point"",""coordinates"":[79.18073722878496,17.05514846083969]}"
94,0.8335504037509768,-0.7066311068008243,"{""type"":""Point"",""coordinates"":[79.31769315928024,17.009536686880946]}"
95,0.44535591426303256,-0.43434873949579833,"{""type"":""Point"",""coordinates"":[79.32153066273199,17.06718596573662]}"
96,0.8585654859447875,-0.7321428571428571,"{""type"":""Point"",""coordinates"":[79.28056169945712,17.01296846755428]}"
97,0.5738744451490171,-0.5311536088834053,"{""type"":""Point"",""coordinates"":[79.31127421330011,17.04233554641869]}"
98,0.5760792639773531,-0.5669305189094107,"{""type"":""Point"",""coordinates"":[79.28977619059707,17.09903076206953]}"
99,0.39916244214238483,-0.4776536312849162,"{""type"":""Point"",""coordinates"":[79.23284224546869,17.00041265981968]}"
100,0.20192551304788448,-0.4004428044280443,"{""type"":""Point"",""coordinates"":[79.24119537472767,17.1429717262423]}"
101,0.7943452851050387,-0.661304474992688,"{""type"":""Point"",""coordinates"":[79.25820702933848,17.11558203380625]}"
102,0.7018617021276595,-0.6395080707148347,"{""type"":""Point"",""coordinates"":[79.35051964142912,17.027130944279417]}"
103,0.6282278033250795,-0.588336783988958,"{""type"":""Point"",""coordinates"":[79.28386728176595,17.143380592753182]}"
104,0.7795967864180688,-0.6740339369741908,"{""type"":""Point"",""coordinates"":[79.29669856861598,16.997422779761397]}"
105,0.48507462686567165,-0.5105872952457051,"{""type"":""Point"",""coordinates"":[79.22061227116359,17.01272546455818]}"
106,0.5711297071129707,-0.5680542868328331,"{""type"":""Point"",""coordinates"":[79.22623727061661,17.106672887726138]}"
107,0.688667496886675,-0.6443007275666937,"{""type"":""Point"",""coordinates"":[79.30879480215609,17.044205445543398]}"
108,0.8170237405906196,-0.7033518794951825,"{""type"":""Point"",""coordinates"":[79.32919146326996,17.0240475883661]}"
109,0.828125,-0.689419795221843,"{""type"":""Point"",""coordinates"":[79.19922265648161,17.029312848509885]}"
110,0.7283531409168081,-0.6377530500067033,"{""type"":""Point"",""coordinates"":[79.24615306179595,16.996910416411882]}"
111,0.7332652018395504,-0.6278995360742281,"{""type"":""Point"",""coordinates"":[79.30046482908594,17.074639795169585]}"
112,0.786828881248347,-0.6881559220389805,"{""type"":""Point"",""coordinates"":[79.32806810299147,17.118270731371055]}"
113,0.21589028139039962,-0.44195176668536174,"{""type"":""Point"",""coordinates"":[79.26595171560105,17.10381035197967]}"
114,0.2161295249732702,-0.3760801935706879,"{""type"":""Point"",""coordinates"":[79.2318275658827,17.079614583057907]}"
115,0.7850574712643679,-0.6852957135105806,"{""type"":""Point"",""coordinates"":[79.2554209507157,16.969364079234047]}"
116,0.16082389851316328,-0.23137027926493994,"{""type"":""Point"",""coordinates"":[79.242295330995,17.105860223409945]}"
117,0.3256578947368421,-0.41197080291970806,"{""type"":""Point"",""coordinates"":[79.27930516013514,17.142960334101907]}"
118,0.1892123287671233,-0.29843421360130873,"{""type"":""Point"",""coordinates"":[79.28982692396578,17.061967329305336]}"
119,0.5614443797320908,-0.5920427553444181,"{""type"":""Point"",""coordinates"":[79.17868854038481,17.07038780879665]}"
120,0.2744556884391291,-0.3346178548490687,"{""type"":""Point"",""coordinates"":[79.25994192303257,17.03727937312544]}"
121,0.7831587539110325,-0.6715123692935475,"{""type"":""Point"",""coordinates"":[79.21121531674105,17.045572428700055]}"
122,0.8089171974522293,-0.6915949702183984,"{""type"":""Point"",""coordinates"":[79.34344031290193,17.080574383176238]}"
123,0.39995373583159843,-0.4969082364580757,"{""type"":""Point"",""coordinates"":[79.26433221121968,17.058013901332583]}"
124,0.2676939148602768,-0.3968345323741007,"{""type"":""Point"",""coordinates"":[79.23476937063404,17.036992205716935]}"
125,0.6232862265344864,-0.5152589092341012,"{""type"":""Point"",""coordinates"":[79.32444091381373,16.993428521425233]}"
126,0.8294148380355277,-0.7149504101873393,"{""type"":""Point"",""coordinates"":[79.31521771177066,17.054050266767458]}"
127,0.272875816993464,-0.3873552983081033,"{""type"":""Point"",""coordinates"":[79.24462378481385,17.092628758012687]}"
128,0.4063745019920319,-0.4559010152284264,"{""type"":""Point"",""coordinates"":[79.19877775918569,17.068055817161333]}"
129,0.850907686365392,-0.7370710488158531,"{""type"":""Point"",""coordinates"":[79.29825026875868,17.020006540139654]}"
130,0.8712370351631672,-0.7526359436085772,"{""type"":""Point"",""coordinates"":[79.23525211078731,17.075079080964123]}"
131,0.3021732658529324,-0.46680080482897385,"{""type"":""Point"",""coordinates"":[79.31584519802598,17.020367159199242]}"
132,0.7951015531660693,-0.7044809982983551,"{""type"":""Point"",""coordinates"":[79.30707148871689,16.995488472818547]}"
133,0.7667381162526794,-0.7224339274738784,"{""type"":""Point"",""coordinates"":[79.29617212554,17.054777849465022]}"
134,0.2863332020480504,-0.35518672199170126,"{""type"":""Point"",""coordinates"":[79.3270553603502,17.068515134292817]}"
135,0.804059133049361,-0.699917365128084,"{""type"":""Point"",""coordinates"":[79.32172614209794,17.111867667751408]}"
136,0.5275668537471112,-0.5298396429161845,"{""type"":""Point"",""coordinates"":[79.35564023612423,17.043475028373674]}"
137,0.23121723937099592,-0.2761076904503199,"{""type"":""Point"",""coordinates"":[79.18682234163073,17.075500234125347]}"
138,0.5204280155642024,-0.44655252198056455,"{""type"":""Point"",""coordinates"":[79.20151066578721,17.04015473050744]}"
139,0.4924459743736852,-0.5441234665611397,"{""type"":""Point"",""coordinates"":[79.26072607186224,17.058145879514246]}"
140,0.8333333333333334,-0.718869898848971,"{""type"":""Point"",""coordinates"":[79.35199365820087,17.063856203211618]}"
141,0.43220675944333997,-0.5037573058725299,"{""type"":""Point"",""coordinates"":[79.21868816702748,17.030800157398296]}"
142,0.4895506792058516,-0.5467245354672453,"{""type"":""Point"",""coordinates"":[79.3154131180625,16.98867454804043]}"
143,0.20810313075506445,-0.26844988720592977,"{""type"":""Point"",""coordinates"":[79.2690508757359,16.98501695369571]}"
144,0.6302925070121544,-0.5821127673363578,"{""type"":""Point"",""coordinates"":[79.34647582633981,17.072900509301146]}"
145,0.7855055523085914,-0.6689429117727397,"{""type"":""Point"",""coordinates"":[79.31947925142406,17.064072654677116]}"
146,0.7637067938021455,-0.6729790842283776,"{""type"":""Point"",""coordinates"":[79.25723040071027,17.002539142554827]}"
147,0.8130460104834013,-0.7043525869148645,"{""type"":""Point"",""coordinates"":[79.30558659417692,17.06133703579991]}"
148,0.34176672384219553,-0.4416033172080166,"{""type"":""Point"",""coordinates"":[79.25729544352757,17.057319829129174]}"
149,0.3590241197671195,-0.4956521739130435,"{""type"":""Point"",""coordinates"":[79.35206381050227,17.08624897615186]}"
150,0.44661870503597123,-0.43834048640915596,"{""type"":""Point"",""coordinates"":[79.31600865343772,17.063031752692037]}"
151,0.6662127402027538,-0.5961733584577475,"{""type"":""Point"",""coordinates"":[79.26893140771197,17.11588329223497]}"
152,0.8011547669342346,-0.710121674020591,"{""type"":""Point"",""coordinates"":[79.33881663958961,17.05903670766136]}"
153,0.8212881355932203,-0.6723107569721115,"{""type"":""Point"",""coordinates"":[79.32750583732297,17.078711272540872]}"
154,0.5806977502445386,-0.538315088053308,"{""type"":""Point"",""coordinates"":[79.25442990887436,17.053750795630503]}"
155,0.7965913814604406,-0.6771439658517656,"{""type"":""Point"",""coordinates"":[79.32822470944471,17.06115328986586]}"
156,0.6777251184834123,-0.5381750465549349,"{""type"":""Point"",""coordinates"":[79.29307839822286,16.98881763109204]}"
157,0.22115103710195735,-0.4605171208944794,"{""type"":""Point"",""coordinates"":[79.22051699757574,17.043360968796648]}"
158,0.7542220625224578,-0.6187002652519894,"{""type"":""Point"",""coordinates"":[79.30598354924945,17.021108374329433]}"
159,0.7406244837270775,-0.6670886075949367,"{""type"":""Point"",""coordinates"":[79.224153612925,17.06836945574605]}"
160,0.18042533729705007,-0.24235860409145607,"{""type"":""Point"",""coordinates"":[79.25447378908467,17.089148315752457]}"
161,0.22502844141069397,-0.4068460935458584,"{""type"":""Point"",""coordinates"":[79.2702221764779,17.025414068339227]}"
162,0.8226282501756852,-0.7038496912363684,"{""type"":""Point"",""coordinates"":[79.29542670677681,16.99010268270739]}"
163,0.7921125934613693,-0.6761277937748525,"{""type"":""Point"",""coordinates"":[79.31172721042542,17.04667489965059]}"
164,0.47132644956314534,-0.5171171171171172,"{""type"":""Point"",""coordinates"":[79.26004618905729,17.14405239673941]}"
165,0.6488769092542678,-0.5313751668891856,"{""type"":""Point"",""coordinates"":[79.32510383874613,17.047600887493015]}"
166,0.7318141980718668,-0.6299147649161396,"{""type"":""Point"",""coordinates"":[79.33181467856943,17.00460385738207]}"
167,0.7665140614780902,-0.6750387596899224,"{""type"":""Point"",""coordinates"":[79.28731267355776,16.986491578615425]}"
168,0.7739967897271268,-0.6500447894893998,"{""type"":""Point"",""coordinates"":[79.34194461271024,17.028229695040668]}"
169,0.24722902811807257,-0.4063938955400605,"{""type"":""Point"",""coordinates"":[79.24815092639527,17.028343460572444]}"
170,0.8360655737704918,-0.7057305110996386,"{""type"":""Point"",""coordinates"":[79.33033915359444,17.019027348935843]}"
171,0.36412971542025147,-0.43898352415526387,"{""type"":""Point"",""coordinates"":[79.19419984603407,17.059566997098585]}"
172,0.6215844646846537,-0.5555555555555556,"{""type"":""Point"",""coordinates"":[79.25948433304181,17.01084102151489]}"
173,0.7765312310491207,-0.6588335220838052,"{""type"":""Point"",""coordinates"":[79.21029589352926,17.049197404962687]}"
174,0.26943147486954133,-0.4374125330430726,"{""type"":""Point"",""coordinates"":[79.22332616557472,17.11463407302144]}"
175,0.2737819025522042,-0.37788235294117645,"{""type"":""Point"",""coordinates"":[79.21382523676492,17.126362905046275]}"
176,0.19585379159847244,-0.3149370125974805,"{""type"":""Point"",""coordinates"":[79.23897966614477,17.14110619718284]}"
177,0.32186604117800366,-0.42192318474908885,"{""type"":""Point"",""coordinates"":[79.24022556524258,17.058051272809784]}"
178,0.2859550561797753,-0.33703271028037385,"{""type"":""Point"",""coordinates"":[79.2865118689969,17.070994342947053]}"
179,0.328537170263789,-0.40840436668162106,"{""type"":""Point"",""coordinates"":[79.21929942333747,17.12579206855975]}"
180,0.757631822386679,-0.6824085005903188,"{""type"":""Point"",""coordinates"":[79.2499332480494,17.081026769488968]}"
181,0.1278945493409334,-0.18399401645474944,"{""type"":""Point"",""coordinates"":[79.2611723152714,17.075703669021042]}"
182,0.3052601729760386,-0.42839410395655547,"{""type"":""Point"",""coordinates"":[79.23382610764791,17.122579009147717]}"
183,0.6836606016933886,-0.5757882313269264,"{""type"":""Point"",""coordinates"":[79.27747649963923,16.996769934829768]}"
184,0.807149978635522,-0.6980728051391863,"{""type"":""Point"",""coordinates"":[79.32675837499539,17.07062699844798]}"
185,0.71682228685137,-0.6354622338874307,"{""type"":""Point"",""coordinates"":[79.28186268249178,16.99515761913324]}"
186,0.0822637106184364,-0.14683153013910355,"{""type"":""Point"",""coordinates"":[79.26411473194959,17.068521584029995]}"
187,0.871313672922252,-0.7480591034310042,"{""type"":""Point"",""coordinates"":[79.21544308160951,16.986404015852358]}"
188,0.6522845869924908,-0.6197130380536494,"{""type"":""Point"",""coordinates"":[79.33339058738785,17.001368153357472]}"
189,0.7389368944749934,-0.6730066759037662,"{""type"":""Point"",""coordinates"":[79.26944893019466,17.14016665504377]}"
190,0.8434760831455046,-0.7295582706766918,"{""type"":""Point"",""coordinates"":[79.31538579693115,17.00316465274221]}"
191,0.7964016607719514,-0.6801380698978858,"{""type"":""Point"",""coordinates"":[79.29011099483075,16.984054665233298]}"
192,0.8545319832057298,-0.7351819757365684,"{""type"":""Point"",""coordinates"":[79.35676726781837,17.054454828087472]}"
193,0.775645548186821,-0.7037638776062821,"{""type"":""Point"",""coordinates"":[79.24684887515242,17.008898106979963]}"
194,0.31934618199560866,-0.3698074974670719,"{""type"":""Point"",""coordinates"":[79.28836273287754,17.061978101030384]}"
195,0.4507569591404851,-0.4624220544798162,"{""type"":""Point"",""coordinates"":[79.26777591330936,17.030647584272042]}"
196,0.5466365178066704,-0.34711964549483015,"{""type"":""Point"",""coordinates"":[79.29675765684247,16.99561981032216]}"
197,0.2572227399813607,-0.3775848863926474,"{""type"":""Point"",""coordinates"":[79.34270183765551,17.017074182221744]}"
198,0.27736667517223784,-0.42987717794915736,"{""type"":""Point"",""coordinates"":[79.21494056273106,17.081913939005645]}"
199,0.7456926257753274,-0.6785950960901259,"{""type"":""Point"",""coordinates"":[79.2791284346555,17.0433882209367]}"
200,0.3324921135646688,-0.11627906976744186,"{""type"":""Point"",""coordinates"":[79.22717223876843,17.031033207324136]}"
201,0.5626657238819162,-0.5379262352122477,"{""type"":""Point"",""coordinates"":[79.2695498891962,17.12170805254037]}"
202,0.23105905479564257,-0.3894795229730979,"{""type"":""Point"",""coordinates"":[79.28343840744984,17.131303807997384]}"
203,0.6234167438986716,-0.5291721227993598,"{""type"":""Point"",""coordinates"":[79.23505167553283,16.982244492448533]}"
204,0.7778443113772455,-0.6722050126724867,"{""type"":""Point"",""coordinates"":[79.3286984330735,17.08426294740311]}"
205,0.7258914728682171,-0.6182584678005524,"{""type"":""Point"",""coordinates"":[79.29855935142439,17.077456919443268]}"
206,0.8432846609801937,-0.7218095881161377,"{""type"":""Point"",""coordinates"":[79.24355038503047,16.998246142076447]}"
207,0.23177570093457944,-0.38336394647074257,"{""type"":""Point"",""coordinates"":[79.3222027674844,17.02891719199715]}"
208,0.4847968864023352,-0.4924205378973105,"{""type"":""Point"",""coordinates"":[79.31584037485071,16.98408489889003]}"
209,0.792059925093633,-0.6857384441939121,"{""type"":""Point"",""coordinates"":[79.26785896179089,17.133149436217217]}"
210,0.833046699298849,-0.6988719960765081,"{""type"":""Point"",""coordinates"":[79.34649753937815,17.026990249185395]}"
211,0.7118791751379611,-0.6546883773161145,"{""type"":""Point"",""coordinates"":[79.31762849423718,17.038397296298086]}"
212,0.7786388140161725,-0.6660880542843617,"{""type"":""Point"",""coordinates"":[79.2489066978912,16.98796525885226]}"
213,0.7574035297636853,-0.650976535056906,"{""type"":""Point"",""coordinates"":[79.32437925633441,17.127345840956956]}"
214,0.8148811045768346,-0.7194767441860465,"{""type"":""Point"",""coordinates"":[79.30605302605856,17.030303102495033]}"
215,0.21587766390108995,-0.38947759806655513,"{""type"":""Point"",""coordinates"":[79.24916038201246,16.97865664817644]}"
216,0.4535606181296798,-0.5422582826233941,"{""type"":""Point"",""coordinates"":[79.29633083100677,17.036475069463176]}"
217,0.29003893983167944,-0.4448508722566123,"{""type"":""Point"",""coordinates"":[79.23692004153246,17.085592759675347]}"
218,0.8366225331001749,-0.7193638914873713,"{""type"":""Point"",""coordinates"":[79.33856509728645,17.08669502898269]}"
219,0.8231184921576381,-0.7076543209876544,"{""type"":""Point"",""coordinates"":[79.33176655061466,17.00963945848667]}"
220,0.5813736178165395,-0.5633564280215551,"{""type"":""Point"",""coordinates"":[79.32611493197041,17.05300103304955]}"
221,0.48783863950959067,-0.5011971268954509,"{""type"":""Point"",""coordinates"":[79.34552674481456,17.017731520483448]}"
222,0.5910061192543048,-0.5790960451977402,"{""type"":""Point"",""coordinates"":[79.22662685986238,17.04915548462368]}"
223,0.42718052738336715,-0.4764969222160045,"{""type"":""Point"",""coordinates"":[79.31133459311218,17.032115592231058]}"
224,0.773968253968254,-0.6798436795430632,"{""type"":""Point"",""coordinates"":[79.26935712721979,17.136659373055462]}"
225,0.7750511247443763,-0.6687723152979951,"{""type"":""Point"",""coordinates"":[79.3157572471014,17.062363513137445]}"
226,-0.1840228245363766,0.4169215086646279,"{""type"":""Point"",""coordinates"":[79.30346381774504,17.091524723886607]}"
227,0.8076386952885419,-0.6956066945606695,"{""type"":""Point"",""coordinates"":[79.34603016434077,17.05173184804441]}"
228,0.8158012200565392,-0.7188732394366197,"{""type"":""Point"",""coordinates"":[79.23451603248026,17.0933443497347]}"
229,0.4565560821484992,-0.5252274607113316,"{""type"":""Point"",""coordinates"":[79.20492595814595,17.090264215988856]}"
230,0.1787462130039618,-0.3380952380952381,"{""type"":""Point"",""coordinates"":[79.23457655943922,17.13713491714763]}"
231,0.228,-0.3423699169217315,"{""type"":""Point"",""coordinates"":[79.30823423634834,17.033454168304157]}"
232,0.2084677939847683,-0.31877729257641924,"{""type"":""Point"",""coordinates"":[79.2294348514889,17.112808633463533]}"
233,0.5435915248350122,-0.5406482925983706,"{""type"":""Point"",""coordinates"":[79.22998227002758,17.055093859194024]}"
234,0.2629535002554931,-0.365977672156516,"{""type"":""Point"",""coordinates"":[79.28792855078363,17.011170468568004]}"
235,0.2984114480766706,-0.36319779462439694,"{""type"":""Point"",""coordinates"":[79.27331567236378,17.070602490580864]}"
236,0.6848281642917016,-0.6600594648166501,"{""type"":""Point"",""coordinates"":[79.28530663786711,17.050664135785095]}"
237,0.8487267198783732,-0.7396280400572246,"{""type"":""Point"",""coordinates"":[79.18104920095446,17.02996296050972]}"
238,0.8348646034816247,-0.7208616780045352,"{""type"":""Point"",""coordinates"":[79.2884286736598,17.125967031832527]}"
239,0.7915861453842723,-0.6801895998884706,"{""type"":""Point"",""coordinates"":[79.35242549182964,17.032795191437813]}"
240,0.8055591467356173,-0.7210104744300678,"{""type"":""Point"",""coordinates"":[79.18915657206207,17.019361238877202]}"
241,0.7942273166689684,-0.6690647482014388,"{""type"":""Point"",""coordinates"":[79.18430373949164,17.022682864043162]}"
242,0.8340574632095304,-0.7105882352941176,"{""type"":""Point"",""coordinates"":[79.22884542659584,17.06526924846442]}"
243,-0.5417256011315418,0.6881616939364774,"{""type"":""Point"",""coordinates"":[79.28702848882443,17.01774619700281]}"
244,0.724346947611488,-0.6534735676722945,"{""type"":""Point"",""coordinates"":[79.28696776976287,17.104520790730646]}"
245,0.5961566457999709,-0.5807381776239908,"{""type"":""Point"",""coordinates"":[79.28016907173273,17.14551100708583]}"
246,0.7144238517324738,-0.6030741410488246,"{""type"":""Point"",""coordinates"":[79.32599327815329,17.04764469075464]}"
247,0.1829004329004329,-0.32124508915080086,"{""type"":""Point"",""coordinates"":[79.28466539965294,17.09743857102403]}"
248,0.4657457005920496,-0.5475517190058045,"{""type"":""Point"",""coordinates"":[79.17692639002874,17.078486072516153]}"
249,0.6487557457600254,-0.6445849802371542,"{""type"":""Point"",""coordinates"":[79.27055432409844,17.04125305664597]}"
250,0.18479317420887784,-0.4593587867500333,"{""type"":""Point"",""coordinates"":[79.27247306661141,17.14063332974678]}"
251,0.13125845737483086,0.00889152341434499,"{""type"":""Point"",""coordinates"":[79.28539404426148,17.10924045061458]}"
252,0.8296056884292179,-0.7208171206225681,"{""type"":""Point"",""coordinates"":[79.28100543787745,17.0819910992721]}"
253,0.23086816720257236,-0.36203522504892366,"{""type"":""Point"",""coordinates"":[79.28263602444207,17.031071113026048]}"
254,0.8780773739742087,-0.7772354115819836,"{""type"":""Point"",""coordinates"":[79.34701401701747,17.04493764404195]}"
255,0.4745398039684437,-0.48626506024096383,"{""type"":""Point"",""coordinates"":[79.22320334347668,17.032181761040935]}"
256,0.3336575875486381,-0.43222773570122747,"{""type"":""Point"",""coordinates"":[79.2257180943817,17.060190162577523]}"
257,0.711044776119403,-0.5781938325991189,"{""type"":""Point"",""coordinates"":[79.33990039577046,17.026869300406375]}"
258,0.23492723492723494,-0.4126040428061831,"{""type"":""Point"",""coordinates"":[79.2133939274575,17.084368757540595]}"
259,0.2853499574950411,-0.4002160827288162,"{""type"":""Point"",""coordinates"":[79.24478479682931,17.014872568338482]}"
260,0.36587982832618027,-0.4552729351243212,"{""type"":""Point"",""coordinates"":[79.28964042811089,17.03193441911809]}"
261,0.7174427782162589,-0.6368286445012787,"{""type"":""Point"",""coordinates"":[79.33050908507089,17.002115934692185]}"
262,0.31729155008393956,-0.4666666666666667,"{""type"":""Point"",""coordinates"":[79.22100664953312,17.06747937497607]}"
263,0.806631455399061,-0.7200726358429949,"{""type"":""Point"",""coordinates"":[79.19027580402467,17.02011643218656]}"
264,0.22934933087217352,-0.4557377049180328,"{""type"":""Point"",""coordinates"":[79.28408675702273,16.987014740979923]}"
265,0.3963139579842763,-0.4555958618836491,"{""type"":""Point"",""coordinates"":[79.27283901303176,17.074552472015384]}"
266,0.26775521040754013,-0.4304973037747154,"{""type"":""Point"",""coordinates"":[79.19330814694804,17.09767322643605]}"
267,0.2557184750733138,-0.38352180936995156,"{""type"":""Point"",""coordinates"":[79.23091932910077,17.13664115589497]}"
268,0.6651418115279049,-0.5932302305223227,"{""type"":""Point"",""coordinates"":[79.26138562508736,17.126620727310407]}"
269,0.5769161406672678,-0.5432403812213201,"{""type"":""Point"",""coordinates"":[79.27351331219721,16.984047765552354]}"
270,0.828,-0.7173994738819992,"{""type"":""Point"",""coordinates"":[79.18860557879694,17.03792255813126]}"
271,0.3726937269372694,-0.40589569160997735,"{""type"":""Point"",""coordinates"":[79.21460737158168,17.04110017022538]}"
272,0.7212268448223504,-0.6129766647694934,"{""type"":""Point"",""coordinates"":[79.3327806586434,17.004178097330346]}"
273,0.19698870765370138,-0.30292269871619776,"{""type"":""Point"",""coordinates"":[79.24926301636712,17.050344267572996]}"
274,0.2820109976433621,-0.3996569468267582,"{""type"":""Point"",""coordinates"":[79.28104298838743,17.09226936777649]}"
275,0.5337837837837838,-0.5140903785225946,"{""type"":""Point"",""coordinates"":[79.35334772547257,17.054582543155302]}"
276,0.246647804157953,-0.3868892842479814,"{""type"":""Point"",""coordinates"":[79.28647427835999,17.021277002648482]}"
277,0.19237187127532776,-0.3670401749111779,"{""type"":""Point"",""coordinates"":[79.27025239723228,17.131155462261013]}"
278,0.5253899767673416,-0.537123745819398,"{""type"":""Point"",""coordinates"":[79.2974781101621,17.131434279192398]}"
279,0.7503262287951283,-0.6473799126637555,"{""type"":""Point"",""coordinates"":[79.31085966781863,17.023985719536416]}"
280,0.804256551324743,-0.7118131868131868,"{""type"":""Point"",""coordinates"":[79.20472957028895,17.112655872663336]}"
281,0.7183898446634375,-0.6219454516790163,"{""type"":""Point"",""coordinates"":[79.29790921779444,17.12324900419363]}"
282,0.4288823255090937,-0.4124154886293792,"{""type"":""Point"",""coordinates"":[79.25488502028055,17.142195203992703]}"
283,0.7928464977645305,-0.697234762979684,"{""type"":""Point"",""coordinates"":[79.27623760063496,17.1190080595095]}"
284,0.22533632286995517,-0.4190197987666342,"{""type"":""Point"",""coordinates"":[79.25731852035598,17.14532199061926]}"
285,0.4434156378600823,-0.5333333333333333,"{""type"":""Point"",""coordinates"":[79.3040738489662,16.976691243738916]}"
286,0.08275328692962104,-0.11838951909250679,"{""type"":""Point"",""coordinates"":[79.24428103219606,17.039712130032065]}"
287,0.2033898305084746,-0.3512454520011195,"{""type"":""Point"",""coordinates"":[79.24801219659824,17.03137404871418]}"
288,0.6534237726098191,-0.614062746334542,"{""type"":""Point"",""coordinates"":[79.35963779558331,17.051678922149392]}"
289,0.4984981063079535,-0.5581205866376969,"{""type"":""Point"",""coordinates"":[79.21288848318923,17.112779830335025]}"
290,0.7607687210072896,-0.672383949645948,"{""type"":""Point"",""coordinates"":[79.27020732591231,17.1271744103409]}"
291,0.3490328006728343,-0.45092718227046585,"{""type"":""Point"",""coordinates"":[79.29335961791499,17.052830674730185]}"
292,0.7148874129272639,-0.608081421844144,"{""type"":""Point"",""coordinates"":[79.22296536477528,16.998209967253022]}"
293,0.19882266372332597,-0.3204733344140055,"{""type"":""Point"",""coordinates"":[79.28515243429123,17.092314345001267]}"
294,0.337517612399129,-0.5192783355157864,"{""type"":""Point"",""coordinates"":[79.22297846952138,17.055021977354716]}"
295,0.7895470383275262,-0.6710046850598647,"{""type"":""Point"",""coordinates"":[79.29701216868865,17.091233439598714]}"
296,0.25820676139147475,-0.36704817673675805,"{""type"":""Point"",""coordinates"":[79.25300431763829,17.064291317322645]}"
297,0.25541549381960593,-0.43568929321203637,"{""type"":""Point"",""coordinates"":[79.21673398742527,17.11518422257222]}"
298,0.7221350078492935,-0.6400059799671102,"{""type"":""Point"",""coordinates"":[79.26415697469834,16.985409948950497]}"
299,0.22203592814371256,-0.44860874503123227,"{""type"":""Point"",""coordinates"":[79.18442649762692,17.06400127016745]}"
300,0.24159402241594022,-0.37327823691460055,"{""type"":""Point"",""coordinates"":[79.23951831852871,17.135777195954468]}"
301,0.5055855855855856,-0.44367657221838286,"{""type"":""Point"",""coordinates"":[79.32036623518461,17.014533283574224]}"
302,0.1783235451147891,-0.31408157189639774,"{""type"":""Point"",""coordinates"":[79.24266416431504,17.1351059499639]}"
303,0.8055767179643456,-0.6996557659208261,"{""type"":""Point"",""coordinates"":[79.3227473820142,16.99497382702215]}"
304,0.11751520973422991,-0.26289126108196126,"{""type"":""Point"",""coordinates"":[79.2583164314426,17.03503129102643]}"
305,0.5101763907734057,-0.5871657754010695,"{""type"":""Point"",""coordinates"":[79.24679499124414,17.13036242353254]}"
306,0.6371997956055186,-0.5817014974493994,"{""type"":""Point"",""coordinates"":[79.22755055936634,17.07201325853316]}"
307,0.33977650256720027,-0.46041152263374485,"{""type"":""Point"",""coordinates"":[79.30710672341284,17.12884777267404]}"
308,-0.18539727988546886,0.41521068859198357,"{""type"":""Point"",""coordinates"":[79.32078949706901,17.085743555810883]}"
309,0.2907090123972698,-0.419641489198713,"{""type"":""Point"",""coordinates"":[79.32412689867218,17.11707023089239]}"
310,0.41302599839185206,-0.5088723526044648,"{""type"":""Point"",""coordinates"":[79.3438846117665,17.018810700977582]}"
311,-0.47484909456740443,0.6660268714011516,"{""type"":""Point"",""coordinates"":[79.3200583558247,17.08280713904645]}"
312,0.8215427380125087,-0.6961304516629999,"{""type"":""Point"",""coordinates"":[79.21363135664069,17.027471284700077]}"
313,0.7774968394437421,-0.6631672334762679,"{""type"":""Point"",""coordinates"":[79.20807067676574,17.005213199098502]}"
314,0.343860894251242,-0.3412431379493536,"{""type"":""Point"",""coordinates"":[79.3014876428447,17.111512714861274]}"
315,0.2514097244387701,-0.3449971412235563,"{""type"":""Point"",""coordinates"":[79.21738291173403,16.9907112278899]}"
316,0.2986224608918982,-0.3585735222276502,"{""type"":""Point"",""coordinates"":[79.28945826529133,17.07469612688996]}"
317,0.827819956616052,-0.697984886649874,"{""type"":""Point"",""coordinates"":[79.31829567048372,17.104806001561418]}"
318,0.2653550863723608,-0.4473106476399561,"{""type"":""Point"",""coordinates"":[79.20963129468694,17.068493430917997]}"
319,0.8054298642533937,-0.6845597104945718,"{""type"":""Point"",""coordinates"":[79.2578676366562,17.11535003245004]}"
320,0.5179837227618798,-0.5474374414559079,"{""type"":""Point"",""coordinates"":[79.25224575245876,16.985377635922504]}"
321,0.7208851558714262,-0.6218602527020856,"{""type"":""Point"",""coordinates"":[79.31331492739774,17.108409977100482]}"
322,0.7433039170150179,-0.6490919742237844,"{""type"":""Point"",""coordinates"":[79.28426395079047,17.086151422529003]}"
323,0.8058839703051965,-0.6923473331615563,"{""type"":""Point"",""coordinates"":[79.25426670981219,17.115685704863584]}"
324,0.33696540452192864,-0.47653429602888087,"{""type"":""Point"",""coordinates"":[79.20330272656842,17.10042032320757]}"
325,0.8060220034742328,-0.7111507337813743,"{""type"":""Point"",""coordinates"":[79.1763993552471,17.05340521399652]}"
326,0.6615303569076781,-0.6159856539003459,"{""type"":""Point"",""coordinates"":[79.32439002329976,17.054578080004127]}"
327,0.5157894736842106,-0.543859649122807,"{""type"":""Point"",""coordinates"":[79.2047978556402,17.004274135877353]}"
328,0.2486348744084456,-0.20774647887323944,"{""type"":""Point"",""coordinates"":[79.2164443787731,16.993004318004026]}"
329,0.3083778966131907,-0.3793288590604027,"{""type"":""Point"",""coordinates"":[79.24670910459287,17.090623616883455]}"
330,0.29232995658465993,-0.4673421881418595,"{""type"":""Point"",""coordinates"":[79.2140609731386,17.095934178438803]}"
331,0.8194169261251062,-0.7228625033503082,"{""type"":""Point"",""coordinates"":[79.21084782819288,17.030183938155446]}"
332,0.3482155552395848,-0.41374683166840615,"{""type"":""Point"",""coordinates"":[79.29227928091042,17.0661351573007]}"
333,0.8211817797207728,-0.6994341360705356,"{""type"":""Point"",""coordinates"":[79.31241512339882,17.05155427192046]}"
334,0.6778484673221515,-0.6332160450387051,"{""type"":""Point"",""coordinates"":[79.32711592114913,17.055587593847928]}"
335,0.49948796722990274,-0.5290432058478005,"{""type"":""Point"",""coordinates"":[79.22463254768431,17.119645105827924]}"
336,0.7737677527151211,-0.644361833952912,"{""type"":""Point"",""coordinates"":[79.21398074959502,17.002122190301755]}"
337,0.7316882711229111,-0.6262833675564682,"{""type"":""Point"",""coordinates"":[79.32366477534748,17.050960828073833]}"
338,0.6190284216891756,-0.5431316042267051,"{""type"":""Point"",""coordinates"":[79.2977842768685,17.118324757917218]}"
339,0.8348871442590775,-0.7286490234600717,"{""type"":""Point"",""coordinates"":[79.34811937846179,17.0556928323767]}"
340,-0.2826086956521739,0.4972796517954298,"{""type"":""Point"",""coordinates"":[79.30160338220654,17.098501862536168]}"
341,0.21099974299665897,-0.35597122302158274,"{""type"":""Point"",""coordinates"":[79.27082052290547,17.144953948559337]}"
342,0.14709944751381215,-0.18940207662012173,"{""type"":""Point"",""coordinates"":[79.27303827735804,17.053945552004077]}"
343,0.860591266612422,-0.7283950617283951,"{""type"":""Point"",""coordinates"":[79.27725514126804,17.10881238055984]}"
344,0.8633683670853627,-0.7630366238176085,"{""type"":""Point"",""coordinates"":[79.22602479733494,16.983572223258694]}"
345,0.4599475677250218,-0.4654970760233918,"{""type"":""Point"",""coordinates"":[79.35452622352953,17.042619845956583]}"
346,0.22937704918032786,-0.39931333034781313,"{""type"":""Point"",""coordinates"":[79.2316582047591,17.10101838006492]}"
347,0.12695467797508614,-0.20521541950113378,"{""type"":""Point"",""coordinates"":[79.28545397856502,17.07501705172003]}"
348,0.2740274599542334,-0.4627257799671593,"{""type"":""Point"",""coordinates"":[79.18423314037359,17.077779871303296]}"
349,0.4019314019314019,-0.45222490513970337,"{""type"":""Point"",""coordinates"":[79.30478058588216,17.052561624156894]}"
350,0.36728511927300267,-0.38697906664106013,"{""type"":""Point"",""coordinates"":[79.28045582665011,16.976832206130805]}"
351,0.6870026525198939,-0.6335616438356164,"{""type"":""Point"",""coordinates"":[79.32575141820126,17.12328226090067]}"
352,0.7822966507177034,-0.6729824561403509,"{""type"":""Point"",""coordinates"":[79.32714279003604,17.034903444546142]}"
353,0.751796837565884,-0.6648451730418944,"{""type"":""Point"",""coordinates"":[79.29556141791475,17.0015367277966]}"
354,0.7886405959031657,-0.6648851653907266,"{""type"":""Point"",""coordinates"":[79.19971477778616,17.018078482706013]}"
355,0.2921554770318021,-0.3274284884565123,"{""type"":""Point"",""coordinates"":[79.28852160773224,17.045818012013797]}"
356,0.5757575757575758,-0.5511363636363636,"{""type"":""Point"",""coordinates"":[79.32952527361432,17.012738598820334]}"
357,0.15792079207920792,-0.29512735326688816,"{""type"":""Point"",""coordinates"":[79.26037257120831,17.043996123709288]}"
358,0.8107810781078107,-0.6901553074059813,"{""type"":""Point"",""coordinates"":[79.34306601293345,17.08931065209295]}"
359,0.04527220630372493,-0.0984643179765131,"{""type"":""Point"",""coordinates"":[79.25623364388461,17.086476820644133]}"
360,0.3459526774595268,-0.4887052341597796,"{""type"":""Point"",""coordinates"":[79.29892153272895,16.99222298026733]}"
361,0.6514377463144067,-0.5959937932007335,"{""type"":""Point"",""coordinates"":[79.2829031188562,16.996271459639054]}"
362,0.30821377896894214,-0.4534944823962165,"{""type"":""Point"",""coordinates"":[79.22991389964204,17.11063232413489]}"
363,0.35712425110705914,-0.47195931628761123,"{""type"":""Point"",""coordinates"":[79.29155867803894,17.098672304005728]}"
364,0.31681210005817334,-0.4206100163173089,"{""type"":""Point"",""coordinates"":[79.2852875498242,17.138011226045386]}"
365,0.287651154268963,-0.42710166508731556,"{""type"":""Point"",""coordinates"":[79.20329184063823,17.068205975722595]}"
366,0.7628575663257744,-0.6505689703025257,"{""type"":""Point"",""coordinates"":[79.34589219212899,17.03518409813369]}"
367,0.8387013656274156,-0.7199325138587611,"{""type"":""Point"",""coordinates"":[79.26798557884385,17.130902082482095]}"
368,0.6259021651964716,-0.4993529303013496,"{""type"":""Point"",""coordinates"":[79.31936915416401,17.09715952833247]}"
369,0.13129754161613935,-0.18157743235463442,"{""type"":""Point"",""coordinates"":[79.25825129409355,17.065413844714698]}"
370,0.41755768148565,-0.5573415765069551,"{""type"":""Point"",""coordinates"":[79.19838841947788,17.015491220070466]}"
371,0.8443408443408443,-0.7487721021611002,"{""type"":""Point"",""coordinates"":[79.23728534635016,17.114736350661104]}"
372,0.24731436666273168,-0.34205512511113934,"{""type"":""Point"",""coordinates"":[79.29550816587248,17.061641202427523]}"
373,0.4290687554395126,-0.5463820436352221,"{""type"":""Point"",""coordinates"":[79.26394690920203,17.10278849605329]}"
374,0.34757715402876693,-0.4289945209536502,"{""type"":""Point"",""coordinates"":[79.33145419883608,17.001319054189995]}"
375,0.3927485380116959,-0.5088697415103902,"{""type"":""Point"",""coordinates"":[79.3013325472968,17.132053787078892]}"
376,0.1661721068249258,-0.34293385403954113,"{""type"":""Point"",""coordinates"":[79.28590677326206,17.050963772290622]}"
377,0.5880927656628592,-0.5930555555555556,"{""type"":""Point"",""coordinates"":[79.27189246335516,17.057165713957627]}"
378,0.7988418165193538,-0.6748013620885358,"{""type"":""Point"",""coordinates"":[79.23152491277278,17.07460861120151]}"
379,0.30883130618720256,-0.30917746627876225,"{""type"":""Point"",""coordinates"":[79.27333282559555,17.06819709367715]}"
380,0.7601572739187418,-0.6458333333333334,"{""type"":""Point"",""coordinates"":[79.1983938186431,17.07416104429675]}"
381,0.4199893673577884,-0.581409117821196,"{""type"":""Point"",""coordinates"":[79.2637303721433,17.10373580831236]}"
382,0.8134576948700866,-0.711303910474035,"{""type"":""Point"",""coordinates"":[79.19721123690528,17.018242713120777]}"
383,0.22861072902338378,-0.3537435586541376,"{""type"":""Point"",""coordinates"":[79.34472023686467,17.105789191670446]}"
384,0.32767402376910015,-0.3818132390920212,"{""type"":""Point"",""coordinates"":[79.27074049306584,17.084149785126293]}"
385,0.8290573229731711,-0.7215399475645095,"{""type"":""Point"",""coordinates"":[79.21627505261485,17.009901870342137]}"
386,0.28834703714204707,-0.4211102423768569,"{""type"":""Point"",""coordinates"":[79.27103338891075,17.0298689557816]}"
387,0.3920776071139854,-0.4642857142857143,"{""type"":""Point"",""coordinates"":[79.20609075248291,17.055400220915644]}"
388,0.3273257354890008,-0.46604215456674475,"{""type"":""Point"",""coordinates"":[79.24923739928217,16.983983858145475]}"
389,0.5071061384941035,-0.5137433561123766,"{""type"":""Point"",""coordinates"":[79.27043488608666,17.0396708037369]}"
390,0.36185328185328186,-0.4679540536041285,"{""type"":""Point"",""coordinates"":[79.23338978491594,17.120044431363258]}"
391,0.27903614457831327,-0.38373305526590196,"{""type"":""Point"",""coordinates"":[79.34169216638401,17.101411059133433]}"
392,0.8462324393358877,-0.7404286058271129,"{""type"":""Point"",""coordinates"":[79.24051189335052,17.005585704682563]}"
393,0.23717153490470283,-0.34419801494914837,"{""type"":""Point"",""coordinates"":[79.2728286928039,17.037255035602005]}"
394,0.4555472076133233,-0.4661957618567104,"{""type"":""Point"",""coordinates"":[79.24004897541057,17.118777622459362]}"
395,0.5782035175879398,-0.5192743764172335,"{""type"":""Point"",""coordinates"":[79.21479073804673,16.98840682178127]}"
396,0.41262135922330095,-0.3503480278422274,"{""type"":""Point"",""coordinates"":[79.20517030351773,17.048148528854462]}"
397,0.742478162406988,-0.6450824679291387,"{""type"":""Point"",""coordinates"":[79.29890138286841,17.11874408315559]}"
398,0.8101313320825516,-0.7144888046439996,"{""type"":""Point"",""coordinates"":[79.32826852603128,17.11829307022628]}"
399,0.22637590861889928,-0.3841195429241137,"{""type"":""Point"",""coordinates"":[79.24000361069938,17.042225626940887]}"
400,0.21857044357618938,-0.3331657027910485,"{""type"":""Point"",""coordinates"":[79.31510412375958,16.999683563534937]}"
401,0.8468431771894094,-0.7167739492616433,"{""type"":""Point"",""coordinates"":[79.24168121992547,16.999885262782943]}"
402,0.7773897861195984,-0.6896265560165975,"{""type"":""Point"",""coordinates"":[79.32147962997428,17.125675555539566]}"
403,0.2989744255484876,-0.40592946466207674,"{""type"":""Point"",""coordinates"":[79.31557828342943,17.017016260537826]}"
404,0.787967379596861,-0.6695402298850575,"{""type"":""Point"",""coordinates"":[79.24016911844687,17.029825043741006]}"
405,0.5237823981771575,-0.5290082880823093,"{""type"":""Point"",""coordinates"":[79.32600766039118,17.094832669645427]}"
406,0.3279075872932528,-0.4261948399830819,"{""type"":""Point"",""coordinates"":[79.27967784825113,17.077455959449992]}"
407,0.7146500876773474,-0.6277239709443099,"{""type"":""Point"",""coordinates"":[79.2263771107415,17.105649629589138]}"
408,0.8016323142896666,-0.7145866245392312,"{""type"":""Point"",""coordinates"":[79.31072195108091,17.040063386982613]}"
409,0.28110599078341014,-0.48082386363636365,"{""type"":""Point"",""coordinates"":[79.21117577648731,17.10603840218425]}"
410,0.22417153996101363,-0.40886146943353896,"{""type"":""Point"",""coordinates"":[79.17418156651338,17.051644896391704]}"
411,0.3319036621577037,-0.41898066783831284,"{""type"":""Point"",""coordinates"":[79.2333963329505,17.099980089361015]}"
412,0.23427529626253418,-0.01537307836520435,"{""type"":""Point"",""coordinates"":[79.31986546541779,17.09089678613199]}"
413,0.8263968072976055,-0.7003715498938429,"{""type"":""Point"",""coordinates"":[79.21383588622025,17.0582618020301]}"
414,0.5104122396940076,-0.5179384965831435,"{""type"":""Point"",""coordinates"":[79.35628258879855,17.066891844639887]}"
415,0.7385034013605443,-0.6519715578539108,"{""type"":""Point"",""coordinates"":[79.30411307450663,17.051774403347288]}"
416,0.6420086393088553,-0.6009476177941564,"{""type"":""Point"",""coordinates"":[79.20494320655607,17.02282382475108]}"
417,0.1271380708869688,-0.29707792207792205,"{""type"":""Point"",""coordinates"":[79.25795775018393,17.093399356090824]}"
418,0.831459114257948,-0.7307793230123327,"{""type"":""Point"",""coordinates"":[79.19654171654079,17.028843334260852]}"
419,0.8238080202083992,-0.7073603310671002,"{""type"":""Point"",""coordinates"":[79.17913830379607,17.071280314928117]}"
420,0.763220648057231,-0.724516394567156,"{""type"":""Point"",""coordinates"":[79.3480525247672,17.095550409152086]}"
421,0.33065902578796563,-0.43209571974836564,"{""type"":""Point"",""coordinates"":[79.22151189081883,17.133050027675875]}"
422,0.29045181393278435,-0.38311068702290074,"{""type"":""Point"",""coordinates"":[79.20025822374906,17.035519296515865]}"
423,0.14327343370568238,-0.18748949049941147,"{""type"":""Point"",""coordinates"":[79.2671876616029,17.051643613693663]}"
424,-0.31186440677966104,0.4972136222910217,"{""type"":""Point"",""coordinates"":[79.31401192181795,17.10441106999298]}"
425,0.4078225904715487,-0.5313452617627568,"{""type"":""Point"",""coordinates"":[79.30392400446662,16.9942344745608]}"
426,0.8250265111346765,-0.72531328320802,"{""type"":""Point"",""coordinates"":[79.18750278778978,17.013064059561888]}"
427,0.486203941730934,-0.5381340901028734,"{""type"":""Point"",""coordinates"":[79.31127615097223,17.03005759884643]}"
428,0.7435897435897436,-0.6486930167950499,"{""type"":""Point"",""coordinates"":[79.3304728585185,17.073983017793356]}"
429,0.48757396449704143,-0.4596477646603445,"{""type"":""Point"",""coordinates"":[79.22772984329768,17.03686932263906]}"
430,0.6464303059737737,-0.5915492957746479,"{""type"":""Point"",""coordinates"":[79.25321080513781,17.122344789463977]}"
431,0.44211535826825593,-0.5208784857679526,"{""type"":""Point"",""coordinates"":[79.33004974177072,17.00413227712918]}"
432,0.22547046987809208,-0.4069846446528061,"{""type"":""Point"",""coordinates"":[79.29437124750679,17.138381593774948]}"
433,0.7281730915739754,-0.6158997008120815,"{""type"":""Point"",""coordinates"":[79.21390919231979,16.98583847859806]}"
434,0.8511474578420185,-0.7233238904627006,"{""type"":""Point"",""coordinates"":[79.20684193683337,17.0203041565514]}"
435,0.5893285371702638,-0.570962962962963,"{""type"":""Point"",""coordinates"":[79.294556424506,16.983934702637058]}"
436,0.1648298993770963,-0.3186872796311364,"{""type"":""Point"",""coordinates"":[79.27747172542209,17.021902141642713]}"
437,0.7556923076923077,-0.6679333528208127,"{""type"":""Point"",""coordinates"":[79.26102828114232,17.00112850353956]}"
438,0.7438865576616988,-0.6701773835920177,"{""type"":""Point"",""coordinates"":[79.28123673307822,16.97216378199159]}"
439,0.3172535211267606,-0.37158570119156736,"{""type"":""Point"",""coordinates"":[79.27232416060508,17.10053281689692]}"
440,0.18187964841108858,-0.4096774193548387,"{""type"":""Point"",""coordinates"":[79.24876694372297,17.144538178827876]}"
441,0.6094032549728752,-0.6050495942290351,"{""type"":""Point"",""coordinates"":[79.27329757311122,16.99051239099425]}"
442,0.7919409214962273,-0.6800120409391932,"{""type"":""Point"",""coordinates"":[79.27095236599422,17.00319753643476]}"
443,0.6301040832666133,-0.5199701381112355,"{""type"":""Point"",""coordinates"":[79.26075282452491,16.997640863507176]}"
444,0.2514718250630782,-0.39587242026266417,"{""type"":""Point"",""coordinates"":[79.24556541515852,17.033803980725853]}"
445,0.20621637776449492,-0.2504647416036684,"{""type"":""Point"",""coordinates"":[79.3444924959933,17.042373698218153]}"
446,0.2984731227776616,-0.38633318445734705,"{""type"":""Point"",""coordinates"":[79.19974915432627,17.067828217325495]}"
447,0.6235000779180302,-0.5932099709435693,"{""type"":""Point"",""coordinates"":[79.19951188913575,17.075326244124756]}"
448,0.24464023494860498,-0.40238252812706815,"{""type"":""Point"",""coordinates"":[79.2444289994274,17.0424252011775]}"
449,0.27336244541484717,-0.10454545454545454,"{""type"":""Point"",""coordinates"":[79.30899487716226,17.10785237616283]}"
450,0.7847277345610414,-0.6786620875018665,"{""type"":""Point"",""coordinates"":[79.21981347441897,17.051926859205356]}"
451,0.21851289833080426,-0.31352235550708835,"{""type"":""Point"",""coordinates"":[79.27239288014351,17.0720704359031]}"
452,0.8020690514770036,-0.6487626867373703,"{""type"":""Point"",""coordinates"":[79.2973700486831,17.006553508372548]}"
453,0.2654063343972502,-0.45511010728402035,"{""type"":""Point"",""coordinates"":[79.28321104987495,16.997464414883343]}"
454,0.6029515108924807,-0.548540393754243,"{""type"":""Point"",""coordinates"":[79.31757952473812,17.02090911739191]}"
455,0.5160796324655437,-0.5385943705750302,"{""type"":""Point"",""coordinates"":[79.26162751247263,16.999746826517434]}"
456,0.03969465648854962,0.15925925925925927,"{""type"":""Point"",""coordinates"":[79.34709825755058,17.018466542332888]}"
457,0.2323135755258126,-0.3797163500133797,"{""type"":""Point"",""coordinates"":[79.21782503194906,17.122253032237847]}"
458,0.8085607424851088,-0.7008858780614904,"{""type"":""Point"",""coordinates"":[79.21845598212217,17.022386075415085]}"
459,0.38373095717160105,-0.5006234413965087,"{""type"":""Point"",""coordinates"":[79.23282598811154,17.01115084588172]}"
460,0.7512396694214876,-0.6815236079883613,"{""type"":""Point"",""coordinates"":[79.27848060294221,17.138039968358548]}"
461,0.7953184540010887,-0.7063769240719182,"{""type"":""Point"",""coordinates"":[79.304487531035,17.055031658699285]}"
462,0.7788853647485274,-0.663089522733691,"{""type"":""Point"",""coordinates"":[79.22309983014802,17.0783643452483]}"
463,0.13617704800999464,-0.21651060577106823,"{""type"":""Point"",""coordinates"":[79.26848505428597,17.050265469433263]}"
464,0.6248412138320395,-0.5617962284628951,"{""type"":""Point"",""coordinates"":[79.27991281739307,17.114005919880736]}"
465,0.7153989496866,-0.5807055885107711,"{""type"":""Point"",""coordinates"":[79.33562265008155,17.07453643512699]}"
466,0.23991323210412147,-0.3632244216551395,"{""type"":""Point"",""coordinates"":[79.27641571659426,17.08468085753289]}"
467,0.6745273825764958,-0.6041822255414488,"{""type"":""Point"",""coordinates"":[79.2314429427968,17.11213190275357]}"
468,0.8534691897137312,-0.7454877770162212,"{""type"":""Point"",""coordinates"":[79.3560564956743,17.05875546996024]}"
469,0.39299610894941633,-0.5265538183227807,"{""type"":""Point"",""coordinates"":[79.29530412411103,17.004512549703215]}"
470,0.5174291938997821,-0.5775764439411099,"{""type"":""Point"",""coordinates"":[79.2612736525294,16.97861632866082]}"
471,0.8097826086956522,-0.686787674124103,"{""type"":""Point"",""coordinates"":[79.34511314366317,17.053208489155253]}"
472,0.31263269639065816,-0.4257711155952724,"{""type"":""Point"",""coordinates"":[79.29173672048071,17.08736747773293]}"
473,0.2318875696631936,-0.3528472591804151,"{""type"":""Point"",""coordinates"":[79.32403468672807,17.006752099501274]}"
474,0.7230351485895309,-0.6618652698966973,"{""type"":""Point"",""coordinates"":[79.26451808829383,17.127350954395595]}"
475,0.8659592292655682,-0.732434534612393,"{""type"":""Point"",""coordinates"":[79.27693445874253,17.015415356472456]}"
476,0.8043740775526633,-0.7181551041267408,"{""type"":""Point"",""coordinates"":[79.29463623642023,16.994527816542213]}"
477,0.7763247513962676,-0.6611464968152866,"{""type"":""Point"",""coordinates"":[79.34655099574952,17.04211562733575]}"
478,0.7879043600562587,-0.6872843111229094,"{""type"":""Point"",""coordinates"":[79.27655252491225,16.99126265081095]}"
479,0.23742525501231093,-0.3940034341566504,"{""type"":""Point"",""coordinates"":[79.2849731152973,17.10502478965837]}"
480,0.14961812946037312,-0.2698105379615544,"{""type"":""Point"",""coordinates"":[79.23749214783571,17.031089067934627]}"
481,0.5081384215565586,-0.5260899653979239,"{""type"":""Point"",""coordinates"":[79.33552648442702,17.00197657690666]}"
482,0.30504754937820044,-0.37019969278033793,"{""type"":""Point"",""coordinates"":[79.28421626705332,17.061646320205337]}"
483,0.1974905897114178,-0.2694865655759511,"{""type"":""Point"",""coordinates"":[79.27311741158435,17.072123634428458]}"
484,0.6433973240255962,-0.596045197740113,"{""type"":""Point"",""coordinates"":[79.26962149000217,17.10982739907203]}"
485,0.23943661971830985,-0.3711254765456655,"{""type"":""Point"",""coordinates"":[79.2884585660345,17.094725435645486]}"
486,0.794077859612205,-0.6637858935043212,"{""type"":""Point"",""coordinates"":[79.33983473658586,17.054857937357905]}"
487,0.2425,-0.4177720724575667,"{""type"":""Point"",""coordinates"":[79.26888088164166,17.015553300756117]}"
488,0.5331000291630212,-0.5730101735487731,"{""type"":""Point"",""coordinates"":[79.34176620184817,17.09891973121827]}"
489,0.8209492182094922,-0.7139880177129461,"{""type"":""Point"",""coordinates"":[79.31198166674879,17.06453021916645]}"
490,0.8312770923641214,-0.7093059446000622,"{""type"":""Point"",""coordinates"":[79.2386010644668,17.083499559476227]}"
491,-0.20190023752969122,0.4760914760914761,"{""type"":""Point"",""coordinates"":[79.30536346204917,17.087221670623073]}"
492,0.6310713659477468,-0.5382834463370266,"{""type"":""Point"",""coordinates"":[79.28734553214096,16.998973220159282]}"
493,0.5876466954910439,-0.5925650557620817,"{""type"":""Point"",""coordinates"":[79.29232334496102,17.127850062944272]}"
494,0.8473037907100908,-0.7365119196988708,"{""type"":""Point"",""coordinates"":[79.19921821311313,17.001063018088843]}"
495,0.22474325292572248,-0.4500212074084547,"{""type"":""Point"",""coordinates"":[79.22259907121513,17.09811496042009]}"
496,0.821491645156908,-0.7088962528677033,"{""type"":""Point"",""coordinates"":[79.33521726624916,17.015937236209975]}"
497,0.7911181831332272,-0.6694081164891466,"{""type"":""Point"",""coordinates"":[79.2996170638182,17.12909130643999]}"
498,0.8042184964845862,-0.7500327868852459,"{""type"":""Point"",""coordinates"":[79.24519542983633,17.019403308258358]}"
499,0.8596866096866097,-0.7253303964757709,"{""type"":""Point"",""coordinates"":[79.34676653326248,17.06029787484773]}"
